Bag ID,Product Real Name,Best Fitted Category
BAG 1,Curved Dried Palm Fan Leaf with Natural Rattan Edge Wrap,Dried Decorations
BAG 2,Rounded Hand-Cut Dried Palm Fan Spear Leaves on Sticks,Dried Decorations
BAG 3,Mini Dried Natural Terracotta Star Flower Bunches,Dried Decorations
BAG 4,Natural Dried Lotus Seed Pods on Long Wire Stems,Dried Decorations
BAG 5,Dried Natural Mahogany Seed Pod Pods / Wood Flowers,Dried Decorations
BAG 6,Miniature Dried Natural Pumpkin Gourd Shells,Dried Decorations
BAG 7,Dried Woody Star-Shaped Botanicals / Cane Springs,Dried Decorations
BAG 8,Coiled Natural Cane Spring / Curly Ting Ting Branch Bunches,Dried Decorations
BAG 9,Sliced Natural Dried Orange / Citrus Fruit Wheels,Dried Decorations
BAG 10,Twisted Natural Vine Twig Wreath Frames,Floral Supplies
BAG 11,Thick Hand-Twisted Coiled Natural Vine Willow Wreath Ring,Floral Supplies
BAG 12,Natural Fiber Coco Liner / Coir Hanging Basket Moss Mat,Floral Supplies
BAG 13,Dried Natural Curly Ting Ting Branches / Decorative Twigs,Dried Decorations
BAG 14,Natural Wild Dried Grass / Fine Branch Broom Bundle,Dried Decorations
BAG 15,Preserved Bleached White Ruscus Leaf Bunches,Dried Decorations
BAG 16,Preserved Bleached White Gypsophila / Baby's Breath Bundle,Dried Decorations
BAG 17,Preserved White Bleached Asparagus Fern Fronds,Dried Decorations
BAG 18,Bleached White Dried Fan Palm Leaf Spears,Dried Decorations
BAG 19,Oversized Natural Dried Fan Palm Leaves,Dried Decorations
BAG 20,Natural Light-Toned Trimmed Dried Palm Spear Leaves,Dried Decorations
BAG 21,Natural Hand-Cut Spear Dried Palm Leaf Plumes,Dried Decorations
BAG 22,Natural Sola Wood Rose Flower Buds with Green Wired Stems,Dried Decorations
BAG 23,Handmade Sola Wood Rose Buds on Natural Stems (Bulk Set),Dried Decorations
BAG 24,Assorted Handmade Cream Sola Wood Flower Heads,Dried Decorations
BAG 25,Large Bleached White Fluffy Faux Pampas Grass Plumes,Dried Decorations
BAG 26,Large Natural Light Brown Pampas Grass Plume Stalks,Dried Decorations
BAG 27,Tall Fluffy Golden-Brown Natural Pampas Grass Plumes,Dried Decorations
BAG 28,Fine Natural Brown Dried Reed Grass / Miscanthus Bundle,Dried Decorations
BAG 29,Fine Sage Green Preserved Baby's Breath / Gypsophila Bunch,Dried Decorations
BAG 30,Preserved Dark Red / Burgundy Gypsophila Flower Bundle,Dried Decorations
BAG 31,Preserved Golden Yellow Gypsophila / Baby's Breath Bundle,Dried Decorations
BAG 32,Preserved Royal Blue Gypsophila / Baby's Breath Bundle,Dried Decorations
BAG 33,Preserved Lavender Purple Gypsophila / Baby's Breath Bundle,Dried Decorations
BAG 34,Preserved Light Pink Gypsophila / Baby's Breath Bundle,Dried Decorations
BAG 35,Preserved Bright Fuchsia Pink Gypsophila Flower Bundle,Dried Decorations
BAG 36,Preserved Teal Blue / Turquoise Gypsophila Flower Bundle,Dried Decorations
BAG 37,Natural Preserved Golden Wheat Stalk Bunches (Triticum),Dried Decorations
BAG 38,Bleached White Preserved Wheat Stalk Bunches,Dried Decorations
BAG 39,Bleached White Dried Bunny Tails Grass Bunches (Lagurus),Dried Decorations
BAG 40,Natural Light Beige Dried Bunny Tails Grass Bunches,Dried Decorations
BAG 41,Preserved Dusty Pink Dried Bunny Tails Grass Bunches,Dried Decorations
BAG 42,Preserved Light Blue Dried Bunny Tails Grass Bunches,Dried Decorations
BAG 43,Preserved Lavender Purple Dried Bunny Tails Grass Bunches,Dried Decorations
BAG 44,Preserved Golden Yellow Dried Bunny Tails Grass Bunches,Dried Decorations
BAG 45,Preserved Teal Blue Dried Bunny Tails Grass Bunches,Dried Decorations
BAG 46,Preserved Emerald Green Dried Bunny Tails Grass Bunches,Dried Decorations
BAG 47,Black Preserved Dried Bunny Tails Grass Bunches,Dried Decorations
BAG 48,Vibrant Red Preserved Dried Bunny Tails Grass Bunches,Dried Decorations
BAG 49,Bright Orange Preserved Dried Bunny Tails Grass Bunches,Dried Decorations
BAG 50,Hot Magenta Pink Preserved Dried Bunny Tails Grass Bunches,Dried Decorations
BAG 51,Natural Dried Linum Flax Grass Bunches,Dried Decorations
BAG 52,Bleached White Preserved Linum Flax Grass Bunches,Dried Decorations
BAG 53,Preserved Pink Linum Flax Grass Bunches,Dried Decorations
BAG 54,Preserved Soft Lavender Linum Flax Grass Bunches,Dried Decorations
BAG 55,Natural Dried Phalaris Canary Grass Bunches,Dried Decorations
BAG 56,Bleached White Preserved Phalaris Canary Grass Bunches,Dried Decorations
BAG 57,Preserved Light Pink Phalaris Canary Grass Bunches,Dried Decorations
BAG 58,Preserved Lavender Purple Phalaris Canary Grass Bunches,Dried Decorations
BAG 59,Preserved Dusty Blue Phalaris Canary Grass Bunches,Dried Decorations
BAG 60,Preserved Golden Yellow Phalaris Canary Grass Bunches,Dried Decorations
BAG 61,Preserved Sage Green Phalaris Canary Grass Bunches,Dried Decorations
BAG 62,Preserved Terracotta Orange Phalaris Canary Grass Bunches,Dried Decorations
BAG 63,Preserved Red Phalaris Canary Grass Bunches,Dried Decorations
BAG 64,Wide Natural Fan-Cut Dried Palm Leaves on Sticks,Dried Decorations
BAG 65,Bleached White Meticulously Trimmed Dried Palm Spear,Dried Decorations
BAG 66,Metallic Gold Painted Dried Palm Spear Leaf,Wedding Decor
BAG 67,Hand-Twisted Natural Vine Willow Wreath Ring Base,Floral Supplies
BAG 68,Woven Split Bamboo Mesh Decorative Pot / Sphere Vase,Event Decor
BAG 69,Round Natural Sola Wood Balls / Flower Shell Craft Bases (Bulk),Floral Supplies
BAG 70,Oversized Metallic Gold Painted Dried Palm Fan Leaves,Wedding Decor
BAG 71,Fluffy Bleached White Faux Pampas Grass Plumes / Stalks,Dried Decorations
BAG 72,Single Long-Stemmed Light Beige Natural Pampas Grass Plume,Dried Decorations
BAG 73,Natural Dried Miscanthus Grass / Reed Plume Bundle,Dried Decorations
BAG 74,Natural Dried Palm Fan Leaf Set (4-Piece Set),Dried Decorations
BAG 75,Wholesale Bulk Box of Natural Light-Toned Dried Palm Spears,Dried Decorations
BAG 76,Fluffy Natural Reed Grass / Pampas Grass Floor Bundle,Dried Decorations
BAG 77,Feathered Natural Dried Cycas Palm Fronds / Leaves,Dried Decorations
BAG 78,Golden Yellow Dyed Dried Flax Grass / Linum Bundle,Dried Decorations
BAG 79,Natural Brown Dried Bulrush Spikes / Sorghum Grass Bundle,Dried Decorations
BAG 80,Large High-Volume Natural Brown Pampas Grass Stalk Plume,Dried Decorations
BAG 81,Vibrantly Colored Handmade Sola Wood Flower Heads,Dried Decorations
BAG 82,Woven Bamboo Mini Goblet Urns / Small Decorative Vases,Event Decor
BAG 83,Assorted Vibrantly Dyed Cut Dried Palm Fan Spears,Dried Decorations
BAG 84,Hanging Woven Bamboo / Rattan Bell Lantern Pods with Links,Event Decor
BAG 85,Bleached Natural Grass / Twig Hand-Twisted Wreath Bases,Floral Supplies
BAG 86,Hanging Decorative Golden Mesh Bell with Faux Red Rose,Event Decor
BAG 87,Natural Brown Dried Grass / Preserved Gypsophila Bundle,Dried Decorations
BAG 88,Graduated Sizes of Cream Handmade Sola Wood Flower Heads,Dried Decorations
BAG 89,Spherical Fluffy White Faux Carnation / Pom-Pom Flower Heads,Floral Supplies
BAG 90,Large Natural Wide-Cut Dried Fan Palm Leaves,Dried Decorations
BAG 91,Mass Bulk Field Rows of Natural Harvested Dried Pampas,Dried Decorations
BAG 92,Cream White Round Sola Wood Layered Flower Head,Dried Decorations
BAG 93,Bleached White Trimmed Dried Palm Spear Leaves on Sticks,Dried Decorations
BAG 94,Bulk Sack Pack of Round White Sola Wood Balls / Craft Bases,Floral Supplies
BAG 95,Metallic Gold Painted Trimmed Dried Palm Spear Bunch,Wedding Decor
BAG 96,Close-up of Woven Bamboo Mini Goblet Urns / Striped Table Pods,Event Decor
BAG 97,Potted Artificial Areca Palm Tree Plant,Artificial plants
BAG 98,Artificial Banana Leaf Plant / Potted Bird of Paradise Foliage,Artificial plants
BAG 99,Large Artificial Potted Traveler's Palm / Banana Tree Foliage,Artificial plants
BAG 100,Potted Artificial Banana / Canna Leaf Tree,Artificial plants
BAG 101,Close-up of Artificial Dracaena / Song of India Plant Foliage,Artificial plants
BAG 102,Tall Potted Artificial Dracaena Fragrans / Cornstalk Tree,Artificial plants
BAG 103,Potted Artificial Fiddle Leaf Fig Tree Plant,Artificial plants
BAG 104,Potted Artificial Bird of Paradise / Broad Leaf Plant,Artificial plants
BAG 105,Artificial Potted Plumeria (Frangipani) Flowering Bush Tree,Artificial plants
BAG 106,Potted Artificial Bamboo Tree Plant Foliage,Artificial plants
BAG 107,Potted Artificial Dypsis Lutescens / Golden Cane Palm Tree,Artificial plants
BAG 108,Potted Large Artificial Multi-Stem Cycas / Sago Palm Tree,Artificial plants
BAG 109,Potted Artificial Dieffenbachia / Dumb Cane Tree Plant,Artificial plants
BAG 110,Tall Potted Artificial Ficus / Oleander Leaf Tree Plant,Artificial plants
BAG 111,Potted Artificial Bamboo Stalks / Dense Bamboo Tree,Artificial plants
BAG 112,Potted Artificial Majesty Palm Tree / Areca Palm Foliage,Artificial plants
BAG 113,Close-up of Artificial Cycas Palm Trunk and Fronds,Artificial plants
BAG 114,Potted Large Artificial Multi-Stem Sago Palm Tree,Artificial plants
BAG 115,Potted Artificial Cordyline / Broad Leaf Evergreen Plant,Artificial plants
BAG 116,Potted Artificial Canna / Bird of Paradise Big Leaf Plant,Artificial plants
BAG 117,Mixed Small Artificial Gypsophila / Baby's Breath Sprays,Artificial Flowers
BAG 118,Hanging Artificial Greenery Bunches / Faux Boxwood Bush,Artificial leaves
BAG 119,"Small Artificial Rose Bud Bunches (Pink, Orange, Yellow, Red)",Artificial flower bunches
BAG 120,Artificial Camellia / Mini Rose Bush Bunches with Foliage,Artificial flower bunches
BAG 121,Mixed Artificial Rose and Hydrangea Flower Bunches,Artificial flower bunches
BAG 122,Vibrant Artificial Rose and Foliage Flower Bunches,Artificial flower bunches
BAG 123,Dusty Pastel Shabby Chic Artificial Rose Bunches,Artificial flower bunches
BAG 124,Mixed Artificial Daisy / Chrysanthemum Bush Bunches,Artificial flower bunches
BAG 125,Colorful Artificial Gerbera Daisy Flower Bunches,Artificial flower bunches
BAG 126,Small Artificial Sunflower Bunches / Bush,Artificial flower bunches
BAG 127,Mixed Artificial Peony / Rose Bud Flower Bunches,Artificial flower bunches
BAG 128,Faux Ranunculus / Tea Rose Flower Bunches,Artificial flower bunches
BAG 129,Dense Artificial Wildflower and Carnation Bunches,Artificial flower bunches
BAG 130,Vibrant Artificial Mini Daisy / Gerbera Bush Bunches,Artificial flower bunches
BAG 131,Delicate Faux Tulip / Rose Bud Mixed Bunch Arrangement,Artificial flower bunches
BAG 132,Small Artificial Berry / Mini Bud Flower Sprays,Artificial flower bunches
BAG 133,Pastel Shabby Chic Faux Camellia Bunches with Fern Foliage,Artificial flower bunches
BAG 134,Colorful Artificial Chrysanthemum / Spider Gerbera Bunches,Artificial flower bunches
BAG 135,Premium Mixed Artificial Open Rose Bunches,Artificial flower bunches
BAG 136,Shabby Chic Artificial Mini Rose and Foliage Bunches,Artificial flower bunches
BAG 137,Faux Peony Bud / Ranunculus Bush Bunches,Artificial flower bunches
BAG 138,Mixed Artificial Camellia / Daisy Bush Bunches,Artificial flower bunches
BAG 139,Artificial Faux Fern and Mixed Greenery Bush Bunches,Artificial leaves
BAG 140,Small Artificial Pip Berry / Blossom Bush Bunches,Artificial flower bunches
BAG 141,Rustic Artificial Wildflower / Field Daisy Bush Bunches,Artificial flower bunches
BAG 142,Dense Faux Hydrangea and Tea Rose Bud Bunches,Artificial flower bunches
BAG 143,Vintage Style Artificial Carnation / Rose Flower Bunches,Artificial flower bunches
BAG 144,Colorful Artificial Field Chrysanthemum / Pom-Pom Bunches,Artificial flower bunches
BAG 145,Hanging Artificial Ivy and Clematis Greenery Vines,Artificial leaves
BAG 146,Artificial Phalaenopsis Orchid Stems / Flower Sprays,Artificial Flowers
BAG 147,Vintage Style Artificial Rose and Eucalyptus Leaf Bunches,Artificial flower bunches
BAG 148,Mixed Artificial Hydrangea / Orchid Small Flower Bunches,Artificial flower bunches
BAG 149,Large Artificial Hydrangea Flower Heads with Stems,Artificial Flowers
BAG 150,Premium Artificial Open Rose Bouquet Bunches,Artificial flower bunches
BAG 151,Mixed Artificial Dahlia and Chrysanthemum Floral Bunches,Artificial flower bunches
BAG 152,Dense Artificial Hydrangea and Rose Bud Bunches,Artificial flower bunches
BAG 153,Artificial Lavender / Astilbe Spiked Flower Bunches,Artificial flower bunches
BAG 154,Mixed Artificial Cosmos / Daisy Bush Bunches,Artificial flower bunches
BAG 155,Faux Spiked Lavender and Astilbe Flower Bunches,Artificial flower bunches
BAG 156,Small Artificial Camellia / Tea Rose Bud Bunches,Artificial flower bunches
BAG 157,Premium Faux Peony Bouquet Bunches,Artificial flower bunches
BAG 158,Shabby Chic Artificial Mini Rose Bud Bunches,Artificial flower bunches
BAG 159,Artificial Clematis / Lily Flower Stems with Foliage,Artificial Flowers
BAG 160,Mini Artificial Berry and Bud Flower Sprays,Artificial flower bunches
BAG 161,Tall Artificial White Gladiolus / Delphinium Flower Stem,Artificial Flowers
BAG 162,Classic Artificial Rose Bouquet Bunches,Artificial flower bunches
BAG 163,Vintage Shabby Chic Artificial Camellia / Rose Bunches,Artificial flower bunches
BAG 164,Faux Fluffy Hydrangea / Pom-Pom Flower Heads with Stems,Artificial Flowers
BAG 165,Faux Spiked Astilbe / Lavender Flower Bunches,Artificial flower bunches
BAG 166,Faux Ranunculus and Open Peony Floral Bunches,Artificial flower bunches
BAG 167,Faux Cherry Blossom / Clematis Flower Heads with Short Stems,Artificial Flowers
BAG 168,Small Artificial Tea Rose Bud Bunches with Green Foliage,Artificial flower bunches
BAG 169,Long Artificial Delphinium / Snapdragon Flowering Stems,Artificial Flowers
BAG 170,Faux Spiked Lavender and Lilac Bush Bunches,Artificial flower bunches
BAG 171,Premium Mixed Artificial Rose and Peony Bouquets,Artificial flower bunches
BAG 172,Classic Artificial Rose Bouquet Bunches,Artificial flower bunches
BAG 173,Assorted Artificial Daisy / Chrysanthemum Flower Bunches,Artificial flower bunches
BAG 174,Premium Faux Cabbage Rose and Peony Bouquet Bunches,Artificial flower bunches
BAG 175,Shabby Chic Faux Ranunculus / Pom-Pom Rose Bunches,Artificial flower bunches
BAG 176,Small Artificial Tea Rose Bud Bunches with Green Foliage,Artificial flower bunches
BAG 177,Faux Rounded Eucalyptus Leaf Greenery Stems / Bunches,Artificial leaves
BAG 178,Faux Spiked Lavender and Heather Flower Bunches,Artificial flower bunches
BAG 179,Artificial Faux Mimosa / Frosted Foliage Bush Bunches,Artificial leaves
BAG 180,Hanging Artificial Wisteria and Rose Leaf Flowering Vines,Floral Decor
BAG 181,Faux Baby's Breath / Gypsophila White Flower Bush Bunches,Artificial flower bunches
BAG 182,Long-Stemmed Artificial Tiger Lily Flowers (Pink & White),Artificial Flowers
BAG 183,Faux Clematis / Star Lily Flower Bunches,Artificial flower bunches
BAG 184,Large Multi-Color Spiked Faux Lavender Bush Bundle,Artificial flower bunches
BAG 185,Dense Artificial Carnation Flower Bush Bunches,Artificial flower bunches
BAG 186,Faux Mini Daisy / Field Blossom Hanging Bush Bunches,Artificial flower bunches
BAG 187,Assorted Faux Chrysanthemum / Daisy Bush Bunches,Artificial flower bunches
BAG 188,Large Faux Fluffy Pom-Pom / Hydrangea Heads with Stems,Artificial Flowers
BAG 189,Mixed Faux Hydrangea and Gerbera Bunches with Foliage,Artificial flower bunches
BAG 190,Faux Hydrangea Blossom Bush Bunches,Artificial flower bunches
BAG 191,Small Delicate Artificial Baby's Breath / Gypsophila Sprays,Artificial flower bunches
BAG 192,Expandable Wood Trellis Fence with Faux Peperomia Leaves,Artificial leaves
BAG 193,Expandable Wood Trellis Fence with Faux Money Plant / Ivy,Artificial leaves
BAG 194,Dense Green Boxwood Artificial Grass Wall Hedge Panel,Artificial green wall panel
BAG 195,Dense Artificial Mixed Tropical Foliage and Fern Wall Panel,Artificial green wall panel
BAG 196,Premium Artificial Mixed Foliage Wall Panel with Onion Grass,Artificial green wall panel
BAG 197,Artificial Vertical Garden Green Wall Panel with Mixed Ferns,Artificial green wall panel
BAG 198,Dense Artificial Meadow Wall Panel with Yellow/Purple Blossoms,Artificial green wall panel
BAG 199,Mixed Artificial Fern and Grass Vertical Wall Greenery Panel,Artificial green wall panel
BAG 200,Mixed Artificial Tropical Foliage Wall Panel with Wildflowers,Artificial green wall panel
BAG 201,Dense Artificial Jungle Mix Wall Panel with Purple Accents,Artificial green wall panel
BAG 202,Mixed Artificial Foliage Wall Panel with White/Terracotta Grass,Artificial green wall panel
BAG 203,Artificial Monstera and Taro Split-Leaf Mixed Green Wall Panel,Artificial green wall panel
BAG 204,Dense Artificial Boxwood Mat Wall Panel with Flower Clusters,Artificial green wall panel
BAG 205,Premium Artificial Tropical Garden Wall Panel with Mixed Ferns,Artificial green wall panel
BAG 206,Dense Artificial Meadow Wall Panel with Lavender Clusters,Artificial green wall panel
BAG 207,Multi-Texture Artificial Wall Panel with Hydrangeas & Succulents,Artificial green wall panel
BAG 208,Mixed Artificial Tropical Succulent and Grass Vertical Wall Panel,Artificial green wall panel
BAG 209,Dense Artificial Boxwood / Milan Grass Mat Wall Greenery Panel,Artificial green wall panel
BAG 210,Mixed Artificial Foliage Wall Mat with Colored Onion Grasses,Artificial green wall panel
BAG 211,Faux Clover / Eucalyptus Leaf Mat Green Wall Panel,Artificial green wall panel
BAG 212,Dual-Tone Gold and Dusty Pink Artificial Hydrangea Wall Panel,Artificial green wall panel
BAG 213,Vibrant Green Faux Boxwood / Grass Hedge Mat Wall Panel,Artificial green wall panel
BAG 214,Large Artificial Hydrangea Table Arrangements / Runners,Floral Arrangements
BAG 215,Assorted Multi-Color Artificial Hydrangea Wall Panels,Artificial green wall panel
BAG 216,Classic Deep Red Artificial Hydrangea Flower Wall Panel,Artificial green wall panel
BAG 217,Faux Boxwood Mat Panel with Fine White Tip Details,Artificial green wall panel
BAG 218,Roll of Artificial Ivy / Maple Leaf Greenery Privacy Screen,Artificial green wall panel
BAG 219,Close-up of Mixed Artificial Hydrangea Flower Wall Panels,Artificial green wall panel
BAG 220,Dense Artificial Boxwood Bush / Milan Grass Mat Panel,Artificial green wall panel
BAG 221,Faux Meadow Grass Mat Wall Panel with Multi-Toned Sprigs,Artificial green wall panel
BAG 222,Roll-up Expandable Artificial Ivy Leaf Mesh Fence Panel,Artificial green wall panel
BAG 223,Sky Blue Mixed Artificial Hydrangea and Rose Flower Wall Panel,Artificial green wall panel
BAG 224,Cream White and Turquoise Artificial Peony/Hydrangea Panel,Artificial green wall panel
BAG 225,Dense Lush Green Artificial Meadow Boxwood Mat Panel,Artificial green wall panel
BAG 226,Elegant Cream White Artificial Rose and Peony Runner Panel,Floral Arrangements
BAG 227,Dense Artificial Fern and Grass Mat Wall Greenery Panel,Artificial green wall panel
BAG 228,Blush Pink and Cream White Mixed Artificial Hydrangea Runner,Floral Arrangements
BAG 229,Lush Vibrant Green Faux Boxwood / Grass Mat Wall Panel,Artificial green wall panel
BAG 230,Faux Meadow Grass Mat Wall Panel with Small White Accents,Artificial green wall panel
BAG 231,Dark Frosted Green Artificial Eucalyptus Mat Wall Panel,Artificial green wall panel
BAG 232,Mixed Artificial Garden Wall Panel with Yellow Wildflowers,Artificial green wall panel
BAG 233,Dense Tropical Mix Artificial Foliage and Jungle Wall Panel,Artificial green wall panel
BAG 234,Patterned Grass Mat Wall Panel with Red Diamond Clusters,Artificial green wall panel
BAG 235,Faux Boxwood / Milan Grass Mat Green Wall Panel,Artificial green wall panel
BAG 236,Mixed Artificial Tropical Foliage Wall Panel with Fern Accents,Artificial green wall panel
BAG 237,Dense Artificial Meadow Wall Panel with Lavender Blossoms,Artificial green wall panel
BAG 238,Mixed Faux Grass Wall Panel with Pink Morning Glory Accents,Artificial green wall panel
BAG 239,Dense Artificial Fern and Jungle Leaf Vertical Wall Panel,Artificial green wall panel
BAG 240,Patterned Artificial Green Grass Wall Mat with Purple Highlights,Artificial green wall panel
BAG 241,Multi-Color Custom Patterned Artificial Moss and Foliage Panel,Artificial green wall panel
BAG 242,Premium Multi-Texture Vertical Garden Panel with Large Ferns,Artificial green wall panel
BAG 243,Faux Cordyline Bush / Red-Edged Artificial Foliage Stem,Artificial leaves
BAG 244,Faux Sansevieria / Artificial Variegated Snake Plant Top Bush,Artificial plants
BAG 245,Artificial Croton / Variegated Tropical Leaf Bunches,Artificial leaves
BAG 246,Long Variegated Artificial Pandanus / Flax Greenery Stems,Artificial leaves
BAG 247,White Artificial Bodhi Leaf / Pipal Tree Garland Strings,Traditional Garlands & Haars
BAG 248,Artificial Rose Leaf Sprays / Faux Foliage Bunches,Artificial leaves
BAG 249,Multi-Color Artificial Chrysanthemum Flower Heads,Artificial Flowers
BAG 250,Glittery Red Artificial Rose Flower Heads / Flower Clips,Artificial Flowers
BAG 251,Fluffy Multi-Color Artificial Carnation / Marigold Flower Heads,Artificial Flowers
BAG 252,Assorted Multi-Color Artificial Open Rose Flower Heads,Artificial Flowers
BAG 253,Multi-Color Artificial Dahlia and Chrysanthemum Flower Heads,Artificial Flowers
BAG 254,Assorted Multi-Color Artificial Rose Flower Heads on Grass,Artificial Flowers
BAG 255,Classic Red Artificial Rose Flower Heads with Green Calyx,Artificial Flowers
BAG 256,"Artificial Silk Rose Flower Heads (Red, Cream, White, Pink)",Artificial Flowers
BAG 257,Large Red Artificial Rose Flower Wall Panel / Runner,Artificial green wall panel
BAG 258,Blush Pink and White Mixed Artificial Rose Flower Wall Panel,Artificial green wall panel
BAG 259,"Ombre Gradient Red, Pink, and Cream Artificial Flower Wall Panel",Artificial green wall panel
BAG 260,Vertical Striped Pink and Cream Artificial Rose Wall Panel,Artificial green wall panel
BAG 261,"Patterned Magenta, Pink, and White Flower Wall Panel",Artificial green wall panel
BAG 262,Solid Medium Pink Artificial Rose Flower Wall Panel,Artificial green wall panel
BAG 263,Close-up of Red Artificial Silk Rose Flower Wall Panel,Artificial green wall panel
BAG 264,Hanging Pink Artificial Wisteria / Orchid Bunches with Leaves,Artificial Flowers
BAG 265,Hanging Purple Artificial Wisteria Flower Bunches with Leaves,Artificial Flowers
BAG 266,Assorted Hanging Artificial Wisteria Garland Bunches,Artificial Flowers
BAG 267,Long Hanging Bright Yellow Artificial Wisteria Flower Garlands,Artificial Flowers
BAG 268,Large Hanging Bright Red Artificial Wisteria Bush Arrangement,Artificial Flowers
BAG 269,Multi-Color Selection of Hanging Artificial Wisteria Garlands,Artificial Flowers
BAG 270,Large Hanging Golden Yellow Artificial Wisteria Bush Arrangement,Artificial Flowers
BAG 271,Hanging Lavender Purple Artificial Wisteria Flower Bunches,Artificial Flowers
BAG 272,Hanging Cyan Sky Blue Artificial Wisteria Flower Bunches,Artificial Flowers
BAG 273,Hanging Cream Champagne Artificial Wisteria Flower Bunches,Artificial Flowers
BAG 274,Hanging Light Soft Pink Artificial Wisteria Flower Bunches,Artificial Flowers
BAG 275,Hanging Violet Magenta Artificial Wisteria Flower Bunches,Artificial Flowers
BAG 276,Hanging Deep Coral Pink Artificial Wisteria Flower Bunches,Artificial Flowers
BAG 277,Hanging Lime Green Artificial Wisteria Flower Bunches,Artificial Flowers
BAG 278,Hanging Royal Purple Artificial Wisteria Flower Bunches,Artificial Flowers
BAG 279,Hanging Off-White / Pure White Artificial Wisteria Bunches,Artificial Flowers
BAG 280,Artificial Yellow Marigold and Jasmine Festive Door Toran,Traditional Garlands & Haars
BAG 281,Artificial Genda Phool (Marigold) and Jasmine Festoon Toran,Traditional Garlands & Haars
BAG 282,Loose Artificial Orange and Yellow Marigold Flower Heads,Traditional Garlands & Haars
BAG 283,Festive Artificial Marigold and Jasmine Toran with Gold Bells,Traditional Garlands & Haars
BAG 284,"Thick Artificial Orange, Yellow, and Green Marigold Garland",Traditional Garlands & Haars
BAG 285,Artificial Yellow Marigold and Red Jasmine V-Shaped Toran,Traditional Garlands & Haars
BAG 286,Layered Artificial Yellow Marigold Festive Garland Backdrop,Traditional Garlands & Haars
BAG 287,Artificial Yellow/Orange Marigold Scalloped Toran with Bells,Traditional Garlands & Haars
BAG 288,Bulk Pack of Colorful Artificial Faux Fruits Variety Set,Artificial fruits
BAG 289,Hanging Artificial Fruit Garlands / Strings Assortment,Artificial fruits
BAG 290,Hanging Artificial White Gypsophila / Baby's Breath Vine,Artificial Flowers
BAG 291,Long Hanging Artificial White Baby's Breath Foliage Garlands,Artificial Flowers
BAG 292,Large Artificial Arrangement with Magenta Orchids & Ferns,Floral Arrangements
BAG 293,Premium Artificial Tropical Floor Vase Arrangement with Foliage,Floral Arrangements
BAG 294,Hanging Artificial Rosemary / Fine Needle Greenery Foliage,Artificial leaves
BAG 295,Assorted Hanging Artificial Weeping Wisteria and Berry Bush,Artificial Flowers
BAG 296,Large Hanging Artificial Willow / Weeping Greenery Vine Bush,Artificial leaves
BAG 297,Mixed Hanging Artificial Boxwood and Seeded Eucalyptus Vines,Artificial leaves
BAG 298,"Assorted Hanging Artificial Leaf Garlands (Red, Green, White)",Artificial leaves
BAG 299,Hanging Artificial Ivy and Variegated Pothos Foliage Garlands,Artificial leaves
BAG 300,Long Hanging Artificial Amaranthus / Willow String Garlands,Artificial Flowers
BAG 301,Assorted Hanging Artificial Weeping Pepper Berry Garlands,Artificial Flowers
BAG 302,Long Hanging Artificial Weeping Eucalyptus / Vine Garlands,Artificial leaves
BAG 303,Hanging Artificial Fern and Astilbe Spiked Flowering Garlands,Artificial flower bunches
