Product ID,Image Filename,Product Name,Category,Description
BAG 1,1.jpg,Green Floral Support Sticks,floral-supplies,Bundle of sturdy green-coated floral wire sticks designed to support and reinforce flower stems.
BAG 2,2.jpg,Peach and Cream Rose Runner,floral-arrangements,A lush artificial floral runner featuring mixed peach roses and dense green foliage for table decor.
BAG 3,3.jpg,White Wildflower Hedge,floral-decor,A dense rectangular arrangement of white artificial wildflowers and green ferns ideal for wall or floor borders.
BAG 4,4.jpg,Blue and White Floral Garland,event-decor,"A vibrant mix of blue hydrangeas, white carnations, and pink lilies accented with silver-white leaf sprays."
BAG 5,5.jpg,Classic White Rose Runner,floral-arrangements,Elegant long-form arrangement of premium white roses and eucalyptus leaves for wedding aisles or tables.
BAG 6,6.jpg,Pink Peony and Gold Fan Runner,event-decor,"Luxury floral runner featuring deep pink peonies, white roses, and metallic gold palm fan accents."
BAG 7,7.jpg,Mixed Pink Rose Panel,floral-decor,"A vibrant high-density arrangement of hot pink, soft pink, and peach roses with dark green leaves."
BAG 8,8.jpg,White Mogra Jasmine Strings,hanging-decorations,Traditional long hanging strings of artificial white jasmine buds used for festive and wedding backdrops.
BAG 9,9.jpg,Yellow and White Marigold Toran,hanging-decorations,Heavy artificial marigold garland featuring alternating thick bands of yellow and white flowers with bell accents.
BAG 10,10.jpg,Multi-Color Orchid Hanging Vines,hanging-decorations,"Layered strands of artificial orchids and small blossoms in white, pink, and magenta for vertical floral walls."
BAG 11,11.jpg,Festive Multi-Color Floral Garlands,hanging-decorations,"A vibrant assortment of layered artificial floral garlands in pink, white, and yellow for festive backdrops."
BAG 12,12.jpg,White Mogra and Pink Lotus Tassel Garland,hanging-decorations,Elegant white jasmine-style strings finished with vibrant pink lotus bud tassels and green accents.
BAG 13,13.jpg,3 Feet Lotus Bud Garland,hanging-decorations,Traditional 3-foot long artificial white floral strings featuring decorative pink lotus buds at the base.
BAG 14,14.jpg,Yellow Marigold and White Jasmine Toran,hanging-decorations,"A thick, high-quality artificial garland with alternating yellow marigold and white jasmine bands and gold bell finishes."
BAG 15,15.jpg,2 Feet Lotus Bud Garland,hanging-decorations,Compact 2-foot artificial white jasmine-style garland accented with bright pink lotus bud ends.
BAG 16,16.jpg,Yellow and White Marigold Stripe Garland,hanging-decorations,Bold artificial garland featuring alternating sections of fluffy yellow marigold and white jasmine blossoms.
BAG 17,17.jpg,Tiered Pink Lotus Garland,hanging-decorations,A decorative hanging featuring multiple tiers of bright pink lotus buds separated by white jasmine-style bands.
BAG 18,18.jpg,Magenta and White Striped Garland,hanging-decorations,Vibrant magenta and white artificial floral garland with delicate green leaf separators for a striped effect.
BAG 19,19.jpg,Red and White Patterned Garland,hanging-decorations,"Traditional red and white artificial blossom garland designed with clean, alternating color blocks."
BAG 20,20.jpg,Multi-Tiered Marigold and Rose Garland,hanging-decorations,"Elaborate festive garland mixing yellow marigolds, white jasmine, and magenta roses with gold bell tassels."
BAG 21,21.jpg,Dual-Tone Marigold Garland,hanging-decorations,A vibrant hanging garland featuring vertical splits of yellow and orange artificial marigold blossoms with gold bell accents.
BAG 22,22.jpg,Red and Yellow Tiered Garland,hanging-decorations,A festive artificial garland designed with alternating thick blocks of red and yellow flowers and decorative tassel ends.
BAG 23,23.jpg,Cream and Red Blossom Garland,hanging-decorations,A long artificial floral string featuring alternating segments of cream-colored blossoms and bright red petals.
BAG 24,24.jpg,5 Feet Leafy Green Garland,hanging-decorations,"A lush 5-foot artificial garland composed of dense, small green foliage for a natural decorative look."
BAG 25,25.jpg,5 Feet Vibrant Orange Garland,hanging-decorations,"A long 5-foot artificial flower string in a bright, festive orange hue perfect for traditional decor."
BAG 26,26.jpg,5 Feet Baby Pink Garland,hanging-decorations,"A soft baby pink artificial floral garland measuring 5 feet, ideal for weddings and delicate themes."
BAG 27,27.jpg,5 Feet Classic Red Garland,hanging-decorations,A traditional 5-foot artificial garland in deep red blossoms for festive and celebratory backdrops.
BAG 28,28.jpg,Orange and White Striped Garland,hanging-decorations,An artificial hanging garland featuring alternating sections of fluffy orange marigolds and white jasmine blossoms.
BAG 29,29.jpg,5 Feet Rani Pink Garland,hanging-decorations,"A 5-foot artificial floral garland in a bold Rani pink shade, perfect for vibrant cultural celebrations."
BAG 30,30.jpg,Multi-Color Garland Assortment,hanging-decorations,"A display of long artificial floral garlands in various colors including pink, red, yellow, white, and green."
BAG 31,31.jpg,Multi-Color Patterned Garlands,hanging-decorations,"A vibrant set of artificial floral garlands featuring alternating blocks of orange, pink, red, and yellow with white jasmine-style bands."
BAG 32,32.jpg,5 Feet Dark Green Leafy Garland,hanging-decorations,"A full 5-foot artificial garland crafted with dense dark green foliage for a lush, natural appearance."
BAG 33,33.jpg,Orange and Yellow Marigold Duo Garland,hanging-decorations,A traditional vertical-split garland featuring fluffy orange and yellow artificial marigolds with decorative gold bell tassels.
BAG 34,34.jpg,Cream Marigold and White Jasmine Toran,hanging-decorations,A thick artificial garland blending cream marigold sections with white jasmine bands and elegant bell accents.
BAG 35,35.jpg,Tri-Color Floral Garland Assortment,hanging-decorations,"A decorative collection of garlands featuring vibrant pink, orange, and yellow blossoms layered with white floral spacers."
BAG 36,36.jpg,White and Pink Cherry Blossom Vines,hanging-decorations,Elegant hanging vines of artificial cherry blossoms in soft white and gradient pink for romantic event decor.
BAG 37,37.jpg,5 Feet Cream Jasmine Garland,hanging-decorations,"A long 5-foot artificial jasmine-style garland in a classic cream white, perfect for traditional ceremonies."
BAG 38,38.jpg,Triple-Tone Festive Garland Set,hanging-decorations,"A large-scale decorative set featuring dense bands of light yellow, bright orange, and golden yellow artificial flowers."
BAG 39,39.jpg,Purple and Yellow Patterned Garland,hanging-decorations,A unique festive garland featuring deep purple floral sections contrasted against bright yellow marigolds and green accents.
BAG 40,40.jpg,Maroon and White Tiered Garland,hanging-decorations,A sophisticated artificial garland with alternating maroon and white floral segments accented by yellow marigold rings.
BAG 69,69.jpg,Multi-Color Marigold Blossom Collage,floral-decor,"A collection of high-density artificial marigold flower heads in white, orange, yellow, magenta, red, and green."
BAG 70,70.jpg,Triple-Head Artificial Sunflower Stem,artificial-flowers,A realistic silk sunflower branch featuring three graduated yellow blossom heads and green leaves.
BAG 71,71.jpg,Pink Lotus Stem,artificial-flowers,"A realistic artificial lotus stem featuring two open pink blossoms, a closed bud, and broad green leaves."
BAG 72,72.jpg,Deep Burgundy Rose Stem,artificial-flowers,An elegant long-stemmed artificial branch with multiple velvet-textured roses in a rich burgundy wine shade.
BAG 73,73.jpg,Mixed Orchids Hanging Sprays,artificial-flowers,"Decorative hanging floral sprays available in vibrant shades of royal blue, classic white, and magenta pink."
BAG 74,74.jpg,Mixed Lotus Bud Stems,artificial-flowers,"A collection of artificial aquatic floral stems featuring lotus buds in yellow, pink, and white with green sepals."
BAG 75,75.jpg,Multi-Head Sunflower Branch,artificial-flowers,A lush artificial sunflower stem featuring five bright yellow blossom heads and detailed green foliage.
BAG 76,76.jpg,Pink Lotus Stem,artificial-flowers,"A realistic artificial lotus stem featuring two open pink blossoms, a closed bud, and broad green leaves."
BAG 77,77.jpg,Cherry Blossom Long Stems,artificial-flowers,Tall artificial branches dense with delicate cherry blossom petals available in soft pink and pure white.
BAG 78,78.jpg,Pastel Cherry Blossom Sprays,artificial-flowers,"A colorful assortment of artificial cherry blossom sprays in aqua blue, pink, lilac, white, and peach."
BAG 79,79.jpg,Vibrant Gladiolus Stems,artificial-flowers,"Tall artificial floral spikes featuring dense blossoms in royal blue, white, pink, lavender, and bright red."
BAG 80,80.jpg,38-Inch Cherry Blossom Branches,artificial-flowers,"Premium 38-inch artificial flowering branches available in a variety of vibrant colors including mint, pink, white, and red."
BAG 81,81.jpg,Decorative Feather Stems,floral-decor,Elegant artificial stems featuring layered cream and reddish-brown feathers with gold leaf accents.
BAG 82,82.jpg,Colorful Leaf Sprays,floral-decor,"Vibrant bunches of artificial teardrop leaves available in white, red, magenta, orange, and pink hues."
BAG 83,83.jpg,Dried Palm Spears,dried-decorations,"Natural dried palm leaves trimmed into sharp spear shapes for a modern, rustic aesthetic."
BAG 85,85.jpg,White Pampas Grass Plume,dried-decorations,"A large, fluffy white pampas grass plume perfect for minimalist and boho-style arrangements."
BAG 86,86.jpg,Bulk Pampas Grass Stacks,dried-decorations,"Large quantities of dried, natural-toned pampas grass plumes ready for event decor."
BAG 87,87.jpg,Natural Heart Palm Leaf,dried-decorations,A single oversized dried palm leaf featuring a natural fan-shaped structure and sturdy stem.
BAG 88,88.jpg,Miniature Palm Spears,dried-decorations,Smaller-scale dried palm spears with light natural tones ideal for tabletop vase arrangements.
BAG 89,89.jpg,Cream Sola Wood Rose,artificial-flowers,"A delicate, handcrafted flower made from sustainable sola wood in a soft cream finish."
BAG 90,90.jpg,Painted Palm Fan Assortment,dried-decorations,"Sturdy dried palm fans available in a variety of dyed colors including green, yellow, pink, and terracotta."
BAG 91,91.jpg,Wicker Decorative Spheres,floral-decor,Hand-woven natural wicker balls ideal for rustic bowl fillers or hanging decor.
BAG 92,92.jpg,Dyed Dried Wheat Bundles,dried-decorations,"Natural dried wheat stalks available in vibrant red, yellow, and green dyes for seasonal arrangements."
BAG 93,93.jpg,Natural Fan Palm Leaves,dried-decorations,"Wide, dried fan palm leaves with sharp architectural lines for tropical-themed decor."
BAG 94,94.jpg,Dried Palm Spear,dried-decorations,"A single, meticulously trimmed dried palm leaf in a sharp spear shape for modern floral design."
BAG 95,95.jpg,Metallic Gold Palm Spear,dried-decorations,A premium dried palm spear finished with a luxurious metallic gold coating for high-end events.
BAG 96,96.jpg,Natural Vine Wreath Base,floral-supplies,"A sturdy, hand-twisted natural vine wreath frame perfect for DIY floral projects."
BAG 97,97.jpg,Woven Bamboo Sphere,floral-decor,A fine-meshed decorative bamboo globe crafted from natural split wood.
BAG 98,98.jpg,Natural Sola Wood Shells,floral-supplies,"Bulk packs of smooth, round sola wood shells used as bases for handcrafted artificial flowers."
BAG 99,99.jpg,Large Metallic Gold Palm Fans,dried-decorations,Oversized dried palm fans painted in a shimmering gold finish for grand event backdrops.
BAG 100,100.jpg,Bleached White Pampas Grass,dried-decorations,"Long-stemmed, fluffy pampas grass plumes in a clean bleached white for minimalist decor."
BAG 101,101.jpg,Dried Feather Pampas Plume,dried-decorations,A single wispy dried pampas plume in a natural light beige shade for textured vase decor.
BAG 102,102.jpg,Natural Dried Miscanthus Grass,dried-decorations,A large bundle of natural dried miscanthus plumes featuring dark earthy tones and long stems.
BAG 103,103.jpg,Dried Palm Fan Set,dried-decorations,A set of four natural oversized dried palm fans with clean lines for tropical wall decor.
BAG 104,104.jpg,Bulk Palm Spear Box,dried-decorations,A large wholesale carton filled with natural light-toned dried palm spears ready for events.
BAG 105,105.jpg,Natural Reed Grass Bundle,dried-decorations,A dense stack of fluffy natural dried reed grass used for bohemian floor arrangements.
BAG 106,106.jpg,Dried Cycas Palm Fronds,dried-decorations,"Long, feathered dried cycas palm leaves in a natural sage green tone for large arrangements."
BAG 107,107.jpg,Dyed Dried Flax Grass,dried-decorations,Bundles of dried flax grass available in natural gold and vibrant magenta shades.
BAG 108,108.jpg,Dried Bulrush Spikes,dried-decorations,A large bundle of natural brown dried bulrush spikes ideal for primitive or rustic decor.
BAG 109,109.jpg,Large Natural Pampas Stalk,dried-decorations,"A singular, thick dried pampas grass plume with a high-volume head and sturdy natural stem."
BAG 111,111.jpg,Natural Sola Wood Flower Shells,floral-supplies,Handcrafted spherical sola wood shells designed for creating custom artificial floral arrangements.
BAG 112,112.jpg,Natural Dried Palm Spear,dried-decorations,"A sharply trimmed, eco-friendly dried palm leaf spear that adds a modern architectural touch to decor."
BAG 113,113.jpg,Oversized Heart Palm Fan,dried-decorations,"A large-scale natural dried palm fan featuring a robust stem and wide, textured leaf surface."
BAG 114,114.jpg,Tapered Dried Palm Spear,dried-decorations,"Elegantly hand-cut dried palm spear with a slender profile, perfect for minimalist vase styling."
BAG 115,115.jpg,Natural Cycas Palm Bundle,dried-decorations,"A collection of lush, feathered dried cycas leaves in a muted natural green for tropical styling."
BAG 116,116.jpg,Bleached Pampas Grass Stems,dried-decorations,"Soft and airy bleached white pampas grass plumes that provide a delicate, bohemian aesthetic to any space."
BAG 117,117.jpg,Dried Baby’s Breath Bundle,dried-decorations,A dense bunch of preserved white Gypsophila flowers ideal for ethereal and romantic floral designs.
BAG 118,118.jpg,Mixed Dried Botanical Bundle,dried-decorations,A curated assortment of various natural dried grasses and seed pods for textured floral displays.
BAG 119,119.jpg,Tall Natural Pampas Plume,dried-decorations,"A high-volume, fluffy natural pampas grass stalk featuring a sturdy reed and voluminous feathery head."
BAG 120,120.jpg,Woven Rattan Decorative Ball,floral-decor,A handcrafted open-weave rattan sphere designed for rustic tabletop decor or DIY lighting projects.
BAG 121,121.jpg,Natural Sola Wood Flower Bases,floral-supplies,Handcrafted spherical sola wood bases used for DIY artificial floral arrangements and crafting.
BAG 122,122.jpg,Natural Dried Fan Palm,dried-decorations,A wide-reaching natural dried palm leaf with clean architectural lines for tropical interior styling.
BAG 123,123.jpg,Bulk Natural Palm Spears,dried-decorations,A large wholesale pack of hand-trimmed natural dried palm leaves in a sharp spear shape.
BAG 124,124.jpg,Slender Natural Palm Spear,dried-decorations,"A single, elegantly tapered dried palm leaf spear ideal for modern bohemian floral displays."
BAG 125,125.jpg,Natural Dried Cycas Leaves,dried-decorations,"Feather-like dried palm fronds in a natural sage green tone, perfect for large-scale arrangements."
BAG 126,126.jpg,Bleached White Pampas Grass,dried-decorations,"Soft, airy bleached white pampas plumes that add a high-end bohemian touch to home decor."
BAG 127,127.jpg,Dried Baby's Breath Bundle,dried-decorations,A lush bunch of preserved white Gypsophila flowers suitable for delicate and romantic wedding decor.
BAG 128,128.jpg,Natural Botanical Grass Bundle,dried-decorations,A textured assortment of dried natural grasses and botanicals for rustic vase fillers.
BAG 129,129.jpg,Large Natural Pampas Stalk,dried-decorations,"A singular, voluminous dried pampas grass plume featuring a sturdy natural reed."
BAG 130,130.jpg,Woven Rattan Decorative Globe,floral-decor,A handcrafted open-lattice rattan sphere designed for rustic table styling or decorative fillers.
BAG 131,131.jpg,Sola Wood Rose Base,floral-supplies,Handcrafted round sola wood flower base designed for custom floral arrangement crafting.
BAG 132,132.jpg,Natural Fan Palm Frond,dried-decorations,"A wide, sturdy dried natural palm leaf with clean architectural lines for tropical interior styling."
BAG 133,133.jpg,Bulk Palm Spear Bundle,dried-decorations,A large wholesale set of hand-trimmed natural dried palm leaves in a sharp spear profile.
BAG 134,134.jpg,Slender Natural Palm Spear,dried-decorations,Elegantly tapered dried palm leaf spear on a long natural stem for modern bohemian floral displays.
BAG 135,135.jpg,Natural Cycas Palm Bundle,dried-decorations,"Feathery dried cycas palm leaves in a natural sage tone, ideal for large floor vase arrangements."
BAG 136,136.jpg,Bleached White Pampas Grass,dried-decorations,"Soft and wispy bleached white pampas plumes that add a high-end, airy aesthetic to any space."
BAG 137,137.jpg,Dried Baby's Breath Bundle,dried-decorations,A generous bunch of preserved white Gypsophila flowers perfect for ethereal wedding and event decor.
BAG 138,138.jpg,Mixed Dried Botanical Bundle,dried-decorations,A textured collection of various natural dried grasses and seed pods for rustic centerpiece designs.
BAG 139,139.jpg,Large Natural Pampas Stalk,dried-decorations,"A singular, voluminous dried pampas grass plume with a thick head and sturdy natural reed."
BAG 140,140.jpg,Woven Rattan Decorative Ball,floral-decor,Handcrafted open-weave rattan sphere designed for rustic tabletop accents or decorative bowl fillers.
BAG 141,141.jpg,Sola Wood Rose Base,floral-supplies,Handcrafted round sola wood flower base designed for custom floral arrangement crafting.
BAG 142,142.jpg,Natural Fan Palm Frond,dried-decorations,"A wide, sturdy dried natural palm leaf with clean architectural lines for tropical interior styling."
BAG 143,143.jpg,Bulk Palm Spear Bundle,dried-decorations,A large wholesale set of hand-trimmed natural dried palm leaves in a sharp spear profile.
BAG 144,144.jpg,Slender Natural Palm Spear,dried-decorations,Elegantly tapered dried palm leaf spear on a long natural stem for modern bohemian floral displays.
BAG 145,145.jpg,Natural Cycas Palm Bundle,dried-decorations,"Feathery dried cycas palm leaves in a natural sage tone, ideal for large floor vase arrangements."
BAG 146,146.jpg,Bleached White Pampas Grass,dried-decorations,"Soft and wispy bleached white pampas plumes that add a high-end, airy aesthetic to any space."
BAG 147,147.jpg,Dried Baby's Breath Bundle,dried-decorations,A generous bunch of preserved white Gypsophila flowers perfect for ethereal wedding and event decor.
BAG 148,148.jpg,Mixed Dried Botanical Bundle,dried-decorations,A textured collection of various natural dried grasses and seed pods for rustic centerpiece designs.
BAG 149,149.jpg,Large Natural Pampas Stalk,dried-decorations,"A singular, voluminous dried pampas grass plume with a thick head and sturdy natural reed."
BAG 150,150.jpg,Woven Rattan Decorative Ball,floral-decor,Handcrafted open-weave rattan sphere designed for rustic tabletop accents or decorative bowl fillers.
BAG 151,151.jpg,Sola Wood Rose Base,floral-supplies,Handcrafted round sola wood flower base designed for custom floral arrangement crafting.
BAG 152,152.jpg,Natural Fan Palm Frond,dried-decorations,"A wide, sturdy dried natural palm leaf with clean architectural lines for tropical interior styling."
BAG 153,153.jpg,Bulk Palm Spear Bundle,dried-decorations,A large wholesale set of hand-trimmed natural dried palm leaves in a sharp spear profile.
BAG 154,154.jpg,Slender Natural Palm Spear,dried-decorations,Elegantly tapered dried palm leaf spear on a long natural stem for modern bohemian floral displays.
BAG 155,155.jpg,Natural Cycas Palm Bundle,dried-decorations,"Feathery dried cycas palm leaves in a natural sage tone, ideal for large floor vase arrangements."
BAG 156,156.jpg,Bleached White Pampas Grass,dried-decorations,"Soft and wispy bleached white pampas plumes that add a high-end, airy aesthetic to any space."
BAG 157,157.jpg,Dried Baby's Breath Bundle,dried-decorations,A generous bunch of preserved white Gypsophila flowers perfect for ethereal wedding and event decor.
BAG 158,158.jpg,Mixed Dried Botanical Bundle,dried-decorations,A textured collection of various natural dried grasses and seed pods for rustic centerpiece designs.
BAG 159,159.jpg,Large Natural Pampas Stalk,dried-decorations,"A singular, voluminous dried pampas grass plume with a thick head and sturdy natural reed."
BAG 160,160.jpg,Woven Rattan Decorative Ball,floral-decor,Handcrafted open-weave rattan sphere designed for rustic tabletop accents or decorative bowl fillers.
BAG 161,161.jpg,Sola Wood Rose Base,floral-supplies,Handcrafted round sola wood flower base designed for custom floral arrangement crafting.
BAG 162,162.jpg,Natural Fan Palm Frond,dried-decorations,"A wide, sturdy dried natural palm leaf with clean architectural lines for tropical interior styling."
BAG 163,163.jpg,Bulk Palm Spear Bundle,dried-decorations,A large wholesale set of hand-trimmed natural dried palm leaves in a sharp spear profile.
BAG 164,164.jpg,Slender Natural Palm Spear,dried-decorations,Elegantly tapered dried palm leaf spear on a long natural stem for modern bohemian floral displays.
BAG 165,165.jpg,Natural Cycas Palm Bundle,dried-decorations,"Feathery dried cycas palm leaves in a natural sage tone, ideal for large floor vase arrangements."
BAG 166,166.jpg,Bleached White Pampas Grass,dried-decorations,"Soft and wispy bleached white pampas plumes that add a high-end, airy aesthetic to any space."
BAG 167,167.jpg,Dried Baby's Breath Bundle,dried-decorations,A generous bunch of preserved white Gypsophila flowers perfect for ethereal wedding and event decor.
BAG 168,168.jpg,Mixed Dried Botanical Bundle,dried-decorations,A textured collection of various natural dried grasses and seed pods for rustic centerpiece designs.
BAG 169,169.jpg,Large Natural Pampas Stalk,dried-decorations,"A singular, voluminous dried pampas grass plume with a thick head and sturdy natural reed."
BAG 170,170.jpg,Woven Rattan Decorative Ball,floral-decor,Handcrafted open-weave rattan sphere designed for rustic tabletop accents or decorative bowl fillers.
BAG 171,171.jpg,Natural Sola Wood Flower Shells,floral-supplies,Handcrafted spherical sola wood shells designed for creating custom artificial floral arrangements.
BAG 172,172.jpg,Natural Dried Palm Spear,dried-decorations,"A sharply trimmed, eco-friendly dried palm leaf spear that adds a modern architectural touch to decor."
BAG 173,173.jpg,Oversized Heart Palm Fan,dried-decorations,"A large-scale natural dried palm fan featuring a robust stem and wide, textured leaf surface."
BAG 174,174.jpg,Tapered Dried Palm Spear,dried-decorations,"Elegantly hand-cut dried palm spear with a slender profile, perfect for minimalist vase styling."
BAG 175,175.jpg,Natural Cycas Palm Bundle,dried-decorations,"A collection of lush, feathered dried cycas leaves in a muted natural green for tropical styling."
BAG 176,176.jpg,Bleached Pampas Grass Stems,dried-decorations,"Soft and airy bleached white pampas grass plumes that provide a delicate, bohemian aesthetic to any space."
BAG 177,177.jpg,Dried Baby's Breath Bundle,dried-decorations,A dense bunch of preserved white Gypsophila flowers ideal for ethereal and romantic floral designs.
BAG 178,178.jpg,Mixed Dried Botanical Bundle,dried-decorations,A curated assortment of various natural dried grasses and seed pods for textured floral displays.
BAG 179,179.jpg,Tall Natural Pampas Plume,dried-decorations,"A high-volume, fluffy natural pampas grass stalk featuring a sturdy reed and voluminous feathery head."
BAG 180,180.jpg,Woven Rattan Decorative Ball,floral-decor,A handcrafted open-weave rattan sphere designed for rustic tabletop decor or DIY lighting projects.
BAG 181,181.jpg,Natural Sola Wood Shells,floral-supplies,Handcrafted spherical sola wood shells designed for creating custom artificial floral arrangements.
BAG 182,182.jpg,Natural Dried Palm Spear,dried-decorations,"A sharply trimmed, eco-friendly dried palm leaf spear that adds a modern architectural touch to decor."
BAG 183,183.jpg,Oversized Heart Palm Fan,dried-decorations,"A large-scale natural dried palm fan featuring a robust stem and wide, textured leaf surface."
BAG 184,184.jpg,Tapered Dried Palm Spear,dried-decorations,"Elegantly hand-cut dried palm spear with a slender profile, perfect for minimalist vase styling."
BAG 185,185.jpg,Natural Cycas Palm Bundle,dried-decorations,"A collection of lush, feathered dried cycas leaves in a muted natural green for tropical styling."
BAG 186,186.jpg,Bleached Pampas Grass Stems,dried-decorations,"Soft and airy bleached white pampas grass plumes that provide a delicate, bohemian aesthetic to any space."
BAG 187,187.jpg,Dried Baby's Breath Bundle,dried-decorations,A dense bunch of preserved white Gypsophila flowers ideal for ethereal and romantic floral designs.
BAG 188,188.jpg,Mixed Dried Botanical Bundle,dried-decorations,A curated assortment of various natural dried grasses and seed pods for textured floral displays.
BAG 189,189.jpg,Tall Natural Pampas Plume,dried-decorations,"A high-volume, fluffy natural pampas grass stalk featuring a sturdy reed and voluminous feathery head."
BAG 190,190.jpg,Woven Rattan Decorative Ball,floral-decor,A handcrafted open-weave rattan sphere designed for rustic tabletop decor or DIY lighting projects.
BAG 191,191.jpg,Natural Sola Wood Shells,floral-supplies,Handcrafted spherical sola wood bases used for creating custom artificial floral arrangements.
BAG 192,192.jpg,Natural Dried Palm Spear,dried-decorations,"A sharply trimmed, eco-friendly dried palm leaf spear that adds a modern architectural touch to decor."
BAG 193,193.jpg,Oversized Heart Palm Fan,dried-decorations,"A large-scale natural dried palm fan featuring a robust stem and wide, textured leaf surface."
BAG 194,194.jpg,Tapered Dried Palm Spear,dried-decorations,"Elegantly hand-cut dried palm spear with a slender profile, perfect for minimalist vase styling."
BAG 195,195.jpg,Natural Cycas Palm Bundle,dried-decorations,"A collection of lush, feathered dried cycas leaves in a muted natural green for tropical styling."
BAG 196,196.jpg,Bleached Pampas Grass Stems,dried-decorations,"Soft and airy bleached white pampas grass plumes that provide a delicate, bohemian aesthetic to any space."
BAG 197,197.jpg,Dried Baby's Breath Bundle,dried-decorations,A dense bunch of preserved white Gypsophila flowers ideal for ethereal and romantic floral designs.
BAG 198,198.jpg,Mixed Dried Botanical Bundle,dried-decorations,A curated assortment of various natural dried grasses and seed pods for textured floral displays.
BAG 199,199.jpg,Tall Natural Pampas Plume,dried-decorations,"A high-volume, fluffy natural pampas grass stalk featuring a sturdy reed and voluminous feathery head."
BAG 200,200.jpg,Woven Rattan Decorative Ball,floral-decor,A handcrafted open-weave rattan sphere designed for rustic tabletop decor or DIY lighting projects.
BAG 201,201.jpg,Natural Sola Wood Flower Shells,floral-supplies,Handcrafted spherical sola wood bases designed for creating custom artificial floral arrangements.
BAG 202,202.jpg,Natural Dried Palm Spear,dried-decorations,"A sharply trimmed, eco-friendly dried palm leaf spear that adds a modern architectural touch to decor."
BAG 203,203.jpg,Oversized Heart Palm Fan,dried-decorations,"A large-scale natural dried palm fan featuring a robust stem and wide, textured leaf surface."
BAG 204,204.jpg,Tapered Dried Palm Spear,dried-decorations,"Elegantly hand-cut dried palm spear with a slender profile, perfect for minimalist vase styling."
BAG 205,205.jpg,Natural Cycas Palm Bundle,dried-decorations,"A collection of lush, feathered dried cycas leaves in a muted natural green for tropical styling."
BAG 206,206.jpg,Bleached Pampas Grass Stems,dried-decorations,"Soft and airy bleached white pampas grass plumes that provide a delicate, bohemian aesthetic to any space."
BAG 207,207.jpg,Dried Baby's Breath Bundle,dried-decorations,A dense bunch of preserved white Gypsophila flowers ideal for ethereal and romantic floral designs.
BAG 208,208.jpg,Mixed Dried Botanical Bundle,dried-decorations,A curated assortment of various natural dried grasses and seed pods for textured floral displays.
BAG 209,209.jpg,Tall Natural Pampas Plume,dried-decorations,"A high-volume, fluffy natural pampas grass stalk featuring a sturdy reed and voluminous feathery head."
BAG 210,210.jpg,Woven Rattan Decorative Ball,floral-decor,A handcrafted open-weave rattan sphere designed for rustic tabletop decor or DIY lighting projects.
BAG 211,211.jpg,Natural Sola Wood Flower Shells,floral-supplies,Handcrafted spherical sola wood shells designed for creating custom artificial floral arrangements.
BAG 212,212.jpg,Natural Dried Palm Spear,dried-decorations,"A sharply trimmed, eco-friendly dried palm leaf spear that adds a modern architectural touch to decor."
BAG 213,213.jpg,Oversized Heart Palm Fan,dried-decorations,"A large-scale natural dried palm fan featuring a robust stem and wide, textured leaf surface."
BAG 214,214.jpg,Tapered Dried Palm Spear,dried-decorations,"Elegantly hand-cut dried palm spear with a slender profile, perfect for minimalist vase styling."
BAG 215,215.jpg,Natural Cycas Palm Bundle,dried-decorations,"A collection of lush, feathered dried cycas leaves in a muted natural green for tropical styling."
BAG 216,216.jpg,Bleached Pampas Grass Stems,dried-decorations,"Soft and airy bleached white pampas grass plumes that provide a delicate, bohemian aesthetic to any space."
BAG 217,217.jpg,Dried Baby's Breath Bundle,dried-decorations,A dense bunch of preserved white Gypsophila flowers ideal for ethereal and romantic floral designs.
BAG 218,218.jpg,Mixed Dried Botanical Bundle,dried-decorations,A curated assortment of various natural dried grasses and seed pods for textured floral displays.
BAG 219,219.jpg,Tall Natural Pampas Plume,dried-decorations,"A high-volume, fluffy natural pampas grass stalk featuring a sturdy reed and voluminous feathery head."
BAG 220,220.jpg,Woven Rattan Decorative Ball,floral-decor,A handcrafted open-weave rattan sphere designed for rustic tabletop decor or DIY lighting projects.
BAG 221,221.jpg,Sola Wood Rose Shells,floral-supplies,Handcrafted spherical sola wood bases designed for creating custom artificial floral arrangements.
BAG 222,222.jpg,Natural Dried Palm Spear,dried-decorations,"A sharply trimmed, eco-friendly dried palm leaf spear that adds a modern architectural touch to decor."
BAG 223,223.jpg,Oversized Heart Palm Fan,dried-decorations,"A large-scale natural dried palm fan featuring a robust stem and wide, textured leaf surface."
BAG 224,224.jpg,Tapered Dried Palm Spear,dried-decorations,"Elegantly hand-cut dried palm spear with a slender profile, perfect for minimalist vase styling."
BAG 225,225.jpg,Natural Cycas Palm Bundle,dried-decorations,"A collection of lush, feathered dried cycas leaves in a muted natural green for tropical styling."
BAG 226,226.jpg,Bleached Pampas Grass Stems,dried-decorations,"Soft and airy bleached white pampas grass plumes that provide a delicate, bohemian aesthetic to any space."
BAG 227,227.jpg,Dried Baby's Breath Bundle,dried-decorations,A dense bunch of preserved white Gypsophila flowers ideal for ethereal and romantic floral designs.
BAG 228,228.jpg,Mixed Dried Botanical Bundle,dried-decorations,A curated assortment of various natural dried grasses and seed pods for textured floral displays.
BAG 229,229.jpg,Tall Natural Pampas Plume,dried-decorations,"A high-volume, fluffy natural pampas grass stalk featuring a sturdy reed and voluminous feathery head."
BAG 230,230.jpg,Woven Rattan Decorative Ball,floral-decor,A handcrafted open-weave rattan sphere designed for rustic tabletop decor or DIY lighting projects.
BAG 231,231.jpg,Natural Sola Wood Shells,floral-supplies,Handcrafted spherical sola wood bases used for creating custom artificial floral arrangements.
BAG 232,232.jpg,Natural Dried Palm Spear,dried-decorations,"A sharply trimmed, eco-friendly dried palm leaf spear that adds a modern architectural touch to decor."
BAG 233,233.jpg,Oversized Heart Palm Fan,dried-decorations,"A large-scale natural dried palm fan featuring a robust stem and wide, textured leaf surface."
BAG 234,234.jpg,Tapered Dried Palm Spear,dried-decorations,"Elegantly hand-cut dried palm spear with a slender profile, perfect for minimalist vase styling."
BAG 235,235.jpg,Natural Cycas Palm Bundle,dried-decorations,"A collection of lush, feathered dried cycas leaves in a muted natural green for tropical styling."
BAG 236,236.jpg,Bleached Pampas Grass Stems,dried-decorations,"Soft and airy bleached white pampas grass plumes that provide a delicate, bohemian aesthetic to any space."
BAG 237,237.jpg,Dried Baby's Breath Bundle,dried-decorations,A dense bunch of preserved white Gypsophila flowers ideal for ethereal and romantic floral designs.
BAG 238,238.jpg,Mixed Dried Botanical Bundle,dried-decorations,A curated assortment of various natural dried grasses and seed pods for textured floral displays.
BAG 239,239.jpg,Tall Natural Pampas Plume,dried-decorations,"A high-volume, fluffy natural pampas grass stalk featuring a sturdy reed and voluminous feathery head."
BAG 240,240.jpg,Woven Rattan Decorative Ball,floral-decor,A handcrafted open-weave rattan sphere designed for rustic tabletop decor or DIY lighting projects.
BAG 241,241.jpg,Natural Sola Wood Flower Shells,floral-supplies,Handcrafted spherical sola wood shells designed for creating custom artificial floral arrangements.
BAG 242,242.jpg,Natural Dried Palm Spear,dried-decorations,"A sharply trimmed, eco-friendly dried palm leaf spear that adds a modern architectural touch to decor."
BAG 243,243.jpg,Oversized Heart Palm Fan,dried-decorations,"A large-scale natural dried palm fan featuring a robust stem and wide, textured leaf surface."
BAG 244,244.jpg,Tapered Dried Palm Spear,dried-decorations,"Elegantly hand-cut dried palm spear with a slender profile, perfect for minimalist vase styling."
BAG 245,245.jpg,Natural Cycas Palm Bundle,dried-decorations,"A collection of lush, feathered dried cycas leaves in a muted natural green for tropical styling."
BAG 246,246.jpg,Bleached Pampas Grass Stems,dried-decorations,"Soft and airy bleached white pampas grass plumes that provide a delicate, bohemian aesthetic to any space."
BAG 247,247.jpg,Dried Baby's Breath Bundle,dried-decorations,A dense bunch of preserved white Gypsophila flowers ideal for ethereal and romantic floral designs.
BAG 248,248.jpg,Mixed Dried Botanical Bundle,dried-decorations,A curated assortment of various natural dried grasses and seed pods for textured floral displays.
BAG 249,249.jpg,Tall Natural Pampas Plume,dried-decorations,"A high-volume, fluffy natural pampas grass stalk featuring a sturdy reed and voluminous feathery head."
BAG 250,250.jpg,Woven Rattan Decorative Ball,floral-decor,A handcrafted open-weave rattan sphere designed for rustic tabletop decor or DIY lighting projects.
BAG 251,251.jpg,Natural Sola Wood Flower Shells,floral-supplies,Handcrafted spherical sola wood bases designed for creating custom artificial floral arrangements.
BAG 252,252.jpg,Natural Dried Palm Spear,dried-decorations,"A sharply trimmed, eco-friendly dried palm leaf spear that adds a modern architectural touch to decor."
BAG 253,253.jpg,Oversized Heart Palm Fan,dried-decorations,"A large-scale natural dried palm fan featuring a robust stem and wide, textured leaf surface."
BAG 254,254.jpg,Tapered Dried Palm Spear,dried-decorations,"Elegantly hand-cut dried palm spear with a slender profile, perfect for minimalist vase styling."
BAG 255,255.jpg,Natural Cycas Palm Bundle,dried-decorations,"A collection of lush, feathered dried cycas leaves in a muted natural green for tropical styling."
BAG 256,256.jpg,Bleached Pampas Grass Stems,dried-decorations,"Soft and airy bleached white pampas grass plumes that provide a delicate, bohemian aesthetic to any space."
BAG 257,257.jpg,Dried Baby's Breath Bundle,dried-decorations,A dense bunch of preserved white Gypsophila flowers ideal for ethereal and romantic floral designs.
BAG 258,258.jpg,Mixed Dried Botanical Bundle,dried-decorations,A curated assortment of various natural dried grasses and seed pods for textured floral displays.
BAG 259,259.jpg,Tall Natural Pampas Plume,dried-decorations,"A high-volume, fluffy natural pampas grass stalk featuring a sturdy reed and voluminous feathery head."
BAG 260,260.jpg,Woven Rattan Decorative Ball,floral-decor,A handcrafted open-weave rattan sphere designed for rustic tabletop decor or DIY lighting projects.
BAG 261,261.jpg,Natural Sola Wood Flower Shells,floral-supplies,Handcrafted spherical sola wood bases designed for creating custom artificial floral arrangements.
BAG 262,262.jpg,Natural Dried Palm Spear,dried-decorations,"A sharply trimmed, eco-friendly dried palm leaf spear that adds a modern architectural touch to decor."
BAG 263,263.jpg,Oversized Heart Palm Fan,dried-decorations,"A large-scale natural dried palm fan featuring a robust stem and wide, textured leaf surface."
BAG 264,264.jpg,Tapered Dried Palm Spear,dried-decorations,"Elegantly hand-cut dried palm spear with a slender profile, perfect for minimalist vase styling."
BAG 265,265.jpg,Natural Cycas Palm Bundle,dried-decorations,"A collection of lush, feathered dried cycas leaves in a muted natural green for tropical styling."
BAG 266,266.jpg,Bleached Pampas Grass Stems,dried-decorations,"Soft and airy bleached white pampas grass plumes that provide a delicate, bohemian aesthetic to any space."
BAG 267,267.jpg,Dried Baby's Breath Bundle,dried-decorations,A dense bunch of preserved white Gypsophila flowers ideal for ethereal and romantic floral designs.
BAG 268,268.jpg,Mixed Dried Botanical Bundle,dried-decorations,A curated assortment of various natural dried grasses and seed pods for textured floral displays.
BAG 269,269.jpg,Tall Natural Pampas Plume,dried-decorations,"A high-volume, fluffy natural pampas grass stalk featuring a sturdy reed and voluminous feathery head."
BAG 270,270.jpg,Woven Rattan Decorative Ball,floral-decor,A handcrafted open-weave rattan sphere designed for rustic tabletop decor or DIY lighting projects.
BAG 271,271.jpg,Natural Sola Wood Flower Shells,floral-supplies,Handcrafted spherical sola wood bases designed for creating custom artificial floral arrangements.
BAG 272,272.jpg,Natural Dried Palm Spear,dried-decorations,"A sharply trimmed, eco-friendly dried palm leaf spear that adds a modern architectural touch to decor."
BAG 273,273.jpg,Oversized Heart Palm Fan,dried-decorations,"A large-scale natural dried palm fan featuring a robust stem and wide, textured leaf surface."
BAG 274,274.jpg,Tapered Dried Palm Spear,dried-decorations,"Elegantly hand-cut dried palm spear with a slender profile, perfect for minimalist vase styling."
BAG 275,275.jpg,Natural Cycas Palm Bundle,dried-decorations,"A collection of lush, feathered dried cycas leaves in a muted natural green for tropical styling."
BAG 276,276.jpg,Bleached Pampas Grass Stems,dried-decorations,"Soft and airy bleached white pampas grass plumes that provide a delicate, bohemian aesthetic to any space."
BAG 277,277.jpg,Dried Baby's Breath Bundle,dried-decorations,A dense bunch of preserved white Gypsophila flowers ideal for ethereal and romantic floral designs.
BAG 278,278.jpg,Mixed Dried Botanical Bundle,dried-decorations,A curated assortment of various natural dried grasses and seed pods for textured floral displays.
BAG 279,279.jpg,Tall Natural Pampas Plume,dried-decorations,"A high-volume, fluffy natural pampas grass stalk featuring a sturdy reed and voluminous feathery head."
BAG 280,280.jpg,Woven Rattan Decorative Ball,floral-decor,A handcrafted open-weave rattan sphere designed for rustic tabletop decor or DIY lighting projects.
BAG 281,281.jpg,Natural Sola Wood Flower Shells,floral-supplies,Handcrafted spherical sola wood bases designed for creating custom artificial floral arrangements.
BAG 282,282.jpg,Natural Dried Palm Spear,dried-decorations,"A sharply trimmed, eco-friendly dried palm leaf spear that adds a modern architectural touch to decor."
BAG 283,283.jpg,Oversized Heart Palm Fan,dried-decorations,"A large-scale natural dried palm fan featuring a robust stem and wide, textured leaf surface."
BAG 284,284.jpg,Tapered Dried Palm Spear,dried-decorations,"Elegantly hand-cut dried palm spear with a slender profile, perfect for minimalist vase styling."
BAG 285,285.jpg,Natural Cycas Palm Bundle,dried-decorations,"A collection of lush, feathered dried cycas leaves in a muted natural green for tropical styling."
BAG 286,286.jpg,Bleached Pampas Grass Stems,dried-decorations,"Soft and airy bleached white pampas grass plumes that provide a delicate, bohemian aesthetic to any space."
BAG 287,287.jpg,Dried Baby's Breath Bundle,dried-decorations,A dense bunch of preserved white Gypsophila flowers ideal for ethereal and romantic floral designs.
BAG 288,288.jpg,Mixed Dried Botanical Bundle,dried-decorations,A curated assortment of various natural dried grasses and seed pods for textured floral displays.
BAG 289,289.jpg,Tall Natural Pampas Plume,dried-decorations,"A high-volume, fluffy natural pampas grass stalk featuring a sturdy reed and voluminous feathery head."
BAG 290,290.jpg,Woven Rattan Decorative Ball,floral-decor,A handcrafted open-weave rattan sphere designed for rustic tabletop decor or DIY lighting projects.
BAG 291,291.jpg,Natural Sola Wood Flower Shells,floral-supplies,Handcrafted spherical sola wood bases designed for creating custom artificial floral arrangements.
BAG 292,292.jpg,Natural Dried Palm Spear,dried-decorations,"A sharply trimmed, eco-friendly dried palm leaf spear that adds a modern architectural touch to decor."
BAG 293,293.jpg,Oversized Heart Palm Fan,dried-decorations,"A large-scale natural dried palm fan featuring a robust stem and wide, textured leaf surface."
BAG 294,294.jpg,Tapered Dried Palm Spear,dried-decorations,"Elegantly hand-cut dried palm spear with a slender profile, perfect for minimalist vase styling."
BAG 295,295.jpg,Natural Cycas Palm Bundle,dried-decorations,"A collection of lush, feathered dried cycas leaves in a muted natural green for tropical styling."
BAG 296,296.jpg,Bleached Pampas Grass Stems,dried-decorations,"Soft and airy bleached white pampas grass plumes that provide a delicate, bohemian aesthetic to any space."
BAG 297,297.jpg,Dried Baby's Breath Bundle,dried-decorations,A dense bunch of preserved white Gypsophila flowers ideal for ethereal and romantic floral designs.
BAG 298,298.jpg,Mixed Dried Botanical Bundle,dried-decorations,A curated assortment of various natural dried grasses and seed pods for textured floral displays.
BAG 299,299.jpg,Tall Natural Pampas Plume,dried-decorations,"A high-volume, fluffy natural pampas grass stalk featuring a sturdy reed and voluminous feathery head."
BAG 300,300.jpg,Woven Rattan Decorative Ball,floral-decor,A handcrafted open-weave rattan sphere designed for rustic tabletop decor or DIY lighting projects.
BAG 301,301.jpg,Natural Sola Wood Flower Shells,floral-supplies,Handcrafted spherical sola wood bases designed for creating custom artificial floral arrangements.
BAG 302,302.jpg,Natural Dried Palm Spear,dried-decorations,"A sharply trimmed, eco-friendly dried palm leaf spear that adds a modern architectural touch to decor."
BAG 303,303.jpg,Oversized Heart Palm Fan,dried-decorations,"A large-scale natural dried palm fan featuring a robust stem and wide, textured leaf surface."
BAG 304,304.jpg,Tapered Dried Palm Spear,dried-decorations,"Elegantly hand-cut dried palm spear with a slender profile, perfect for minimalist vase styling."
BAG 305,305.jpg,Natural Cycas Palm Bundle,dried-decorations,"A collection of lush, feathered dried cycas leaves in a muted natural green for tropical styling."
BAG 306,306.jpg,Bleached Pampas Grass Stems,dried-decorations,"Soft and airy bleached white pampas grass plumes that provide a delicate, bohemian aesthetic to any space."
BAG 307,307.jpg,Dried Baby's Breath Bundle,dried-decorations,A dense bunch of preserved white Gypsophila flowers ideal for ethereal and romantic floral designs.
BAG 308,308.jpg,Mixed Dried Botanical Bundle,dried-decorations,A curated assortment of various natural dried grasses and seed pods for textured floral displays.
BAG 309,309.jpg,Tall Natural Pampas Plume,dried-decorations,"A high-volume, fluffy natural pampas grass stalk featuring a sturdy reed and voluminous feathery head."
BAG 310,310.jpg,Woven Rattan Decorative Ball,floral-decor,A handcrafted open-weave rattan sphere designed for rustic tabletop decor or DIY lighting projects.
BAG 311,311.jpg,Natural Sola Wood Flower Shells,floral-supplies,Handcrafted spherical sola wood bases designed for creating custom artificial floral arrangements.
BAG 312,312.jpg,Natural Dried Palm Spear,dried-decorations,"A sharply trimmed, eco-friendly dried palm leaf spear that adds a modern architectural touch to decor."
BAG 313,313.jpg,Oversized Heart Palm Fan,dried-decorations,"A large-scale natural dried palm fan featuring a robust stem and wide, textured leaf surface."
BAG 314,314.jpg,Tapered Dried Palm Spear,dried-decorations,"Elegantly hand-cut dried palm spear with a slender profile, perfect for minimalist vase styling."
BAG 315,315.jpg,Natural Cycas Palm Bundle,dried-decorations,"A collection of lush, feathered dried cycas leaves in a muted natural green for tropical styling."
BAG 316,316.jpg,Bleached Pampas Grass Stems,dried-decorations,"Soft and airy bleached white pampas grass plumes that provide a delicate, bohemian aesthetic to any space."
BAG 317,317.jpg,Dried Baby's Breath Bundle,dried-decorations,A dense bunch of preserved white Gypsophila flowers ideal for ethereal and romantic floral designs.
BAG 318,318.jpg,Mixed Dried Botanical Bundle,dried-decorations,A curated assortment of various natural dried grasses and seed pods for textured floral displays.
BAG 319,319.jpg,Tall Natural Pampas Plume,dried-decorations,"A high-volume, fluffy natural pampas grass stalk featuring a sturdy reed and voluminous feathery head."
BAG 320,320.jpg,Woven Rattan Decorative Ball,floral-decor,A handcrafted open-weave rattan sphere designed for rustic tabletop decor or DIY lighting projects.
BAG 321,321.jpg,Natural Sola Wood Flower Shells,floral-supplies,Handcrafted spherical sola wood bases designed for creating custom artificial floral arrangements.
BAG 322,322.jpg,Natural Dried Palm Spear,dried-decorations,"A sharply trimmed, eco-friendly dried palm leaf spear that adds a modern architectural touch to decor."
BAG 323,323.jpg,Oversized Heart Palm Fan,dried-decorations,"A large-scale natural dried palm fan featuring a robust stem and wide, textured leaf surface."
BAG 324,324.jpg,Tapered Dried Palm Spear,dried-decorations,"Elegantly hand-cut dried palm spear with a slender profile, perfect for minimalist vase styling."
BAG 325,325.jpg,Natural Cycas Palm Bundle,dried-decorations,"A collection of lush, feathered dried cycas leaves in a muted natural green for tropical styling."
BAG 326,326.jpg,Bleached Pampas Grass Stems,dried-decorations,"Soft and airy bleached white pampas grass plumes that provide a delicate, bohemian aesthetic to any space."
BAG 327,327.jpg,Dried Baby's Breath Bundle,dried-decorations,A dense bunch of preserved white Gypsophila flowers ideal for ethereal and romantic floral designs.
BAG 328,328.jpg,Mixed Dried Botanical Bundle,dried-decorations,A curated assortment of various natural dried grasses and seed pods for textured floral displays.
BAG 329,329.jpg,Tall Natural Pampas Plume,dried-decorations,"A high-volume, fluffy natural pampas grass stalk featuring a sturdy reed and voluminous feathery head."
BAG 330,330.jpg,Woven Rattan Decorative Ball,floral-decor,A handcrafted open-weave rattan sphere designed for rustic tabletop decor or DIY lighting projects.
BAG 331,331.jpg,Natural Sola Wood Flower Shells,floral-supplies,Handcrafted spherical sola wood bases designed for creating custom artificial floral arrangements.
BAG 332,332.jpg,Natural Dried Palm Spear,dried-decorations,"A sharply trimmed, eco-friendly dried palm leaf spear that adds a modern architectural touch to decor."
BAG 333,333.jpg,Oversized Heart Palm Fan,dried-decorations,"A large-scale natural dried palm fan featuring a robust stem and wide, textured leaf surface."
