Handle,Title,Body (HTML),Vendor,Product Category,Type,Tags,Published,Option1 Name,Option1 Value,Option1 Linked To,Option2 Name,Option2 Value,Option2 Linked To,Option3 Name,Option3 Value,Option3 Linked To,Variant SKU,Variant Grams,Variant Inventory Tracker,Variant Inventory Qty,Variant Inventory Policy,Variant Fulfillment Service,Variant Price,Variant Compare At Price,Variant Requires Shipping,Variant Taxable,Unit Price Total Measure,Unit Price Total Measure Unit,Unit Price Base Measure,Unit Price Base Measure Unit,Variant Barcode,Image Src,Image Position,Image Alt Text,Gift Card,SEO Title,SEO Description,EComposer product countdown end at (product.metafields.ecomposer.countdown),EComposer product countdown start at (product.metafields.ecomposer.countdown_from),Arrangement (product.metafields.shopify.arrangement),Celebration type (product.metafields.shopify.celebration-type),Color (product.metafields.shopify.color-pattern),Decoration material (product.metafields.shopify.decoration-material),Fencing components (product.metafields.shopify.fencing-components),Furniture/Fixture material (product.metafields.shopify.furniture-fixture-material),Garland style (product.metafields.shopify.garland-style),Lighting options (product.metafields.shopify.lighting-options),Material (product.metafields.shopify.material),Material treatment (product.metafields.shopify.material-treatment),Plant container type (product.metafields.shopify.plant-container-type),Plant material (product.metafields.shopify.plant-material),Plant name (product.metafields.shopify.plant-name),Planter material (product.metafields.shopify.planter-material),Shape (product.metafields.shopify.shape),Stem length (product.metafields.shopify.stem-length),Suitable location (product.metafields.shopify.suitable-location),Suitable space (product.metafields.shopify.suitable-space),Theme (product.metafields.shopify.theme),Variant Image,Variant Weight Unit,Variant Tax Code,Cost per item,Status
aaar,aaar,"",Blossom Art Galleries,Home & Garden > Decor > Artificial Flora > Artificial Non-Flowering Plants,"","",true,Title,Default Title,,,,,,,,,0.0,shopify,0,deny,manual,0.00,,true,true,,,,,"",https://cdn.shopify.com/s/files/1/0813/8561/9682/files/WhatsAppImage2026-05-12at6.21.03PM.jpg?v=1778790885,1,"",false,,,,,,,,,,,,,,,,,,,,,,,,,kg,,,active
aaar,,,,,,,,,,,,,,,,,,,,,,,,,,,,,,,,https://cdn.shopify.com/s/files/1/0813/8561/9682/files/WhatsAppImage2026-05-12at6.21.06PM_1.jpg?v=1778790885,2,"",,,,,,,,,,,,,,,,,,,,,,,,,,,,,
aaar,,,,,,,,,,,,,,,,,,,,,,,,,,,,,,,,https://cdn.shopify.com/s/files/1/0813/8561/9682/files/WhatsAppImage2026-05-12at6.21.06PM.jpg?v=1778790885,3,"",,,,,,,,,,,,,,,,,,,,,,,,,,,,,
aaar,,,,,,,,,,,,,,,,,,,,,,,,,,,,,,,,https://cdn.shopify.com/s/files/1/0813/8561/9682/files/WhatsAppImage2026-05-12at6.21.07PM_1.jpg?v=1778790885,4,"",,,,,,,,,,,,,,,,,,,,,,,,,,,,,
aaar,,,,,,,,,,,,,,,,,,,,,,,,,,,,,,,,https://cdn.shopify.com/s/files/1/0813/8561/9682/files/WhatsAppImage2026-05-12at6.21.07PM.jpg?v=1778790885,5,"",,,,,,,,,,,,,,,,,,,,,,,,,,,,,
aaar,,,,,,,,,,,,,,,,,,,,,,,,,,,,,,,,https://cdn.shopify.com/s/files/1/0813/8561/9682/files/WhatsAppImage2026-05-12at6.21.09PM_1.jpg?v=1778790885,6,"",,,,,,,,,,,,,,,,,,,,,,,,,,,,,
aaar,,,,,,,,,,,,,,,,,,,,,,,,,,,,,,,,https://cdn.shopify.com/s/files/1/0813/8561/9682/files/WhatsAppImage2026-05-12at6.21.09PM.jpg?v=1778790885,7,"",,,,,,,,,,,,,,,,,,,,,,,,,,,,,
aaar,,,,,,,,,,,,,,,,,,,,,,,,,,,,,,,,https://cdn.shopify.com/s/files/1/0813/8561/9682/files/WhatsAppImage2026-05-12at6.21.10PM_1.jpg?v=1778790885,8,"",,,,,,,,,,,,,,,,,,,,,,,,,,,,,
aaar,,,,,,,,,,,,,,,,,,,,,,,,,,,,,,,,https://cdn.shopify.com/s/files/1/0813/8561/9682/files/WhatsAppImage2026-05-12at6.21.10PM_2.jpg?v=1778790885,9,"",,,,,,,,,,,,,,,,,,,,,,,,,,,,,
aaar,,,,,,,,,,,,,,,,,,,,,,,,,,,,,,,,https://cdn.shopify.com/s/files/1/0813/8561/9682/files/WhatsAppImage2026-05-12at6.21.10PM.jpg?v=1778790885,10,"",,,,,,,,,,,,,,,,,,,,,,,,,,,,,
aaar,,,,,,,,,,,,,,,,,,,,,,,,,,,,,,,,https://cdn.shopify.com/s/files/1/0813/8561/9682/files/WhatsAppImage2026-05-12at6.21.12PM.jpg?v=1778790885,11,"",,,,,,,,,,,,,,,,,,,,,,,,,,,,,
aaar,,,,,,,,,,,,,,,,,,,,,,,,,,,,,,,,https://cdn.shopify.com/s/files/1/0813/8561/9682/files/WhatsAppImage2026-05-12at6.21.13PM_1.jpg?v=1778790885,12,"",,,,,,,,,,,,,,,,,,,,,,,,,,,,,
aaar,,,,,,,,,,,,,,,,,,,,,,,,,,,,,,,,https://cdn.shopify.com/s/files/1/0813/8561/9682/files/WhatsAppImage2026-05-12at6.21.13PM_2.jpg?v=1778790885,13,"",,,,,,,,,,,,,,,,,,,,,,,,,,,,,
aaar,,,,,,,,,,,,,,,,,,,,,,,,,,,,,,,,https://cdn.shopify.com/s/files/1/0813/8561/9682/files/WhatsAppImage2026-05-12at6.21.13PM.jpg?v=1778790886,14,"",,,,,,,,,,,,,,,,,,,,,,,,,,,,,
aaar,,,,,,,,,,,,,,,,,,,,,,,,,,,,,,,,https://cdn.shopify.com/s/files/1/0813/8561/9682/files/WhatsAppImage2026-05-12at6.21.14PM.jpg?v=1778790885,15,"",,,,,,,,,,,,,,,,,,,,,,,,,,,,,
aaar,,,,,,,,,,,,,,,,,,,,,,,,,,,,,,,,https://cdn.shopify.com/s/files/1/0813/8561/9682/files/WhatsAppImage2026-05-12at6.21.15PM_1.jpg?v=1778790885,16,"",,,,,,,,,,,,,,,,,,,,,,,,,,,,,
aaar,,,,,,,,,,,,,,,,,,,,,,,,,,,,,,,,https://cdn.shopify.com/s/files/1/0813/8561/9682/files/WhatsAppImage2026-05-12at6.21.15PM.jpg?v=1778790885,17,"",,,,,,,,,,,,,,,,,,,,,,,,,,,,,
aaar,,,,,,,,,,,,,,,,,,,,,,,,,,,,,,,,https://cdn.shopify.com/s/files/1/0813/8561/9682/files/WhatsAppImage2026-05-12at6.21.16PM_1.jpg?v=1778790885,18,"",,,,,,,,,,,,,,,,,,,,,,,,,,,,,
aaar,,,,,,,,,,,,,,,,,,,,,,,,,,,,,,,,https://cdn.shopify.com/s/files/1/0813/8561/9682/files/WhatsAppImage2026-05-12at6.21.16PM.jpg?v=1778790885,19,"",,,,,,,,,,,,,,,,,,,,,,,,,,,,,
aaar,,,,,,,,,,,,,,,,,,,,,,,,,,,,,,,,https://cdn.shopify.com/s/files/1/0813/8561/9682/files/WhatsAppImage2026-05-12at6.21.17PM.jpg?v=1778790885,20,"",,,,,,,,,,,,,,,,,,,,,,,,,,,,,
aaar,,,,,,,,,,,,,,,,,,,,,,,,,,,,,,,,https://cdn.shopify.com/s/files/1/0813/8561/9682/files/WhatsAppImage2026-05-12at6.21.18PM_1.jpg?v=1778790885,21,"",,,,,,,,,,,,,,,,,,,,,,,,,,,,,
aaar,,,,,,,,,,,,,,,,,,,,,,,,,,,,,,,,https://cdn.shopify.com/s/files/1/0813/8561/9682/files/WhatsAppImage2026-05-12at6.21.18PM.jpg?v=1778790885,22,"",,,,,,,,,,,,,,,,,,,,,,,,,,,,,
aaar,,,,,,,,,,,,,,,,,,,,,,,,,,,,,,,,https://cdn.shopify.com/s/files/1/0813/8561/9682/files/WhatsAppImage2026-05-12at6.21.19PM_1.jpg?v=1778790886,23,"",,,,,,,,,,,,,,,,,,,,,,,,,,,,,
aaar,,,,,,,,,,,,,,,,,,,,,,,,,,,,,,,,https://cdn.shopify.com/s/files/1/0813/8561/9682/files/WhatsAppImage2026-05-12at6.21.19PM.jpg?v=1778790885,24,"",,,,,,,,,,,,,,,,,,,,,,,,,,,,,
aaar,,,,,,,,,,,,,,,,,,,,,,,,,,,,,,,,https://cdn.shopify.com/s/files/1/0813/8561/9682/files/WhatsAppImage2026-05-12at6.21.20PM.jpg?v=1778790885,25,"",,,,,,,,,,,,,,,,,,,,,,,,,,,,,
aaar,,,,,,,,,,,,,,,,,,,,,,,,,,,,,,,,https://cdn.shopify.com/s/files/1/0813/8561/9682/files/WhatsAppImage2026-05-12at6.21.21PM_1.jpg?v=1778790885,26,"",,,,,,,,,,,,,,,,,,,,,,,,,,,,,
aaar,,,,,,,,,,,,,,,,,,,,,,,,,,,,,,,,https://cdn.shopify.com/s/files/1/0813/8561/9682/files/WhatsAppImage2026-05-12at6.21.21PM.jpg?v=1778790885,27,"",,,,,,,,,,,,,,,,,,,,,,,,,,,,,
aaar,,,,,,,,,,,,,,,,,,,,,,,,,,,,,,,,https://cdn.shopify.com/s/files/1/0813/8561/9682/files/WhatsAppImage2026-05-12at6.21.22PM.jpg?v=1778790885,28,"",,,,,,,,,,,,,,,,,,,,,,,,,,,,,
aaar,,,,,,,,,,,,,,,,,,,,,,,,,,,,,,,,https://cdn.shopify.com/s/files/1/0813/8561/9682/files/WhatsAppImage2026-05-12at6.21.24PM.jpg?v=1778790885,29,"",,,,,,,,,,,,,,,,,,,,,,,,,,,,,
aaar,,,,,,,,,,,,,,,,,,,,,,,,,,,,,,,,https://cdn.shopify.com/s/files/1/0813/8561/9682/files/WhatsAppImage2026-05-12at6.21.25PM_1.jpg?v=1778790885,30,"",,,,,,,,,,,,,,,,,,,,,,,,,,,,,
aaar,,,,,,,,,,,,,,,,,,,,,,,,,,,,,,,,https://cdn.shopify.com/s/files/1/0813/8561/9682/files/WhatsAppImage2026-05-12at6.21.25PM_2.jpg?v=1778790885,31,"",,,,,,,,,,,,,,,,,,,,,,,,,,,,,
aaar,,,,,,,,,,,,,,,,,,,,,,,,,,,,,,,,https://cdn.shopify.com/s/files/1/0813/8561/9682/files/WhatsAppImage2026-05-12at6.21.25PM.jpg?v=1778790885,32,"",,,,,,,,,,,,,,,,,,,,,,,,,,,,,
aaar,,,,,,,,,,,,,,,,,,,,,,,,,,,,,,,,https://cdn.shopify.com/s/files/1/0813/8561/9682/files/WhatsAppImage2026-05-12at6.21.26PM_1.jpg?v=1778790885,33,"",,,,,,,,,,,,,,,,,,,,,,,,,,,,,
aaar,,,,,,,,,,,,,,,,,,,,,,,,,,,,,,,,https://cdn.shopify.com/s/files/1/0813/8561/9682/files/WhatsAppImage2026-05-12at6.21.26PM_2.jpg?v=1778790885,34,"",,,,,,,,,,,,,,,,,,,,,,,,,,,,,
aaar,,,,,,,,,,,,,,,,,,,,,,,,,,,,,,,,https://cdn.shopify.com/s/files/1/0813/8561/9682/files/WhatsAppImage2026-05-12at6.21.26PM.jpg?v=1778790885,35,"",,,,,,,,,,,,,,,,,,,,,,,,,,,,,
aaar,,,,,,,,,,,,,,,,,,,,,,,,,,,,,,,,https://cdn.shopify.com/s/files/1/0813/8561/9682/files/WhatsAppImage2026-05-12at6.21.27PM_1.jpg?v=1778790885,36,"",,,,,,,,,,,,,,,,,,,,,,,,,,,,,
aaar,,,,,,,,,,,,,,,,,,,,,,,,,,,,,,,,https://cdn.shopify.com/s/files/1/0813/8561/9682/files/WhatsAppImage2026-05-12at6.21.27PM_2.jpg?v=1778790885,37,"",,,,,,,,,,,,,,,,,,,,,,,,,,,,,
aaar,,,,,,,,,,,,,,,,,,,,,,,,,,,,,,,,https://cdn.shopify.com/s/files/1/0813/8561/9682/files/WhatsAppImage2026-05-12at6.21.27PM.jpg?v=1778790885,38,"",,,,,,,,,,,,,,,,,,,,,,,,,,,,,
aaar,,,,,,,,,,,,,,,,,,,,,,,,,,,,,,,,https://cdn.shopify.com/s/files/1/0813/8561/9682/files/WhatsAppImage2026-05-12at6.21.28PM_1.jpg?v=1778790885,39,"",,,,,,,,,,,,,,,,,,,,,,,,,,,,,
aaar,,,,,,,,,,,,,,,,,,,,,,,,,,,,,,,,https://cdn.shopify.com/s/files/1/0813/8561/9682/files/WhatsAppImage2026-05-12at6.21.28PM_2.jpg?v=1778790885,40,"",,,,,,,,,,,,,,,,,,,,,,,,,,,,,
aaar,,,,,,,,,,,,,,,,,,,,,,,,,,,,,,,,https://cdn.shopify.com/s/files/1/0813/8561/9682/files/WhatsAppImage2026-05-12at6.21.28PM.jpg?v=1778790885,41,"",,,,,,,,,,,,,,,,,,,,,,,,,,,,,
aaar,,,,,,,,,,,,,,,,,,,,,,,,,,,,,,,,https://cdn.shopify.com/s/files/1/0813/8561/9682/files/WhatsAppImage2026-05-12at6.21.29PM_1.jpg?v=1778790885,42,"",,,,,,,,,,,,,,,,,,,,,,,,,,,,,
aaar,,,,,,,,,,,,,,,,,,,,,,,,,,,,,,,,https://cdn.shopify.com/s/files/1/0813/8561/9682/files/WhatsAppImage2026-05-12at6.21.29PM_2.jpg?v=1778790885,43,"",,,,,,,,,,,,,,,,,,,,,,,,,,,,,
aaar,,,,,,,,,,,,,,,,,,,,,,,,,,,,,,,,https://cdn.shopify.com/s/files/1/0813/8561/9682/files/WhatsAppImage2026-05-12at6.21.29PM.jpg?v=1778790885,44,"",,,,,,,,,,,,,,,,,,,,,,,,,,,,,
aaar,,,,,,,,,,,,,,,,,,,,,,,,,,,,,,,,https://cdn.shopify.com/s/files/1/0813/8561/9682/files/WhatsAppImage2026-05-12at6.21.30PM.jpg?v=1778790885,45,"",,,,,,,,,,,,,,,,,,,,,,,,,,,,,
plant,plant,"",Blossom Art Galleries,Home & Garden > Decor > Artificial Flora > Artificial Non-Flowering Plants,"","",true,Title,Default Title,,,,,,,,,0.0,shopify,0,deny,manual,0.00,,true,true,,,,,"",https://cdn.shopify.com/s/files/1/0813/8561/9682/files/WhatsAppImage2026-05-12at6.21.48PM.jpg?v=1778790864,1,"",false,,,,,,,,,,,,,,,,,,,,,,,,,kg,,,active
plant,,,,,,,,,,,,,,,,,,,,,,,,,,,,,,,,https://cdn.shopify.com/s/files/1/0813/8561/9682/files/WhatsAppImage2026-05-12at6.21.49PM_1.jpg?v=1778790864,2,"",,,,,,,,,,,,,,,,,,,,,,,,,,,,,
plant,,,,,,,,,,,,,,,,,,,,,,,,,,,,,,,,https://cdn.shopify.com/s/files/1/0813/8561/9682/files/WhatsAppImage2026-05-12at6.21.49PM.jpg?v=1778790864,3,"",,,,,,,,,,,,,,,,,,,,,,,,,,,,,
plant,,,,,,,,,,,,,,,,,,,,,,,,,,,,,,,,https://cdn.shopify.com/s/files/1/0813/8561/9682/files/WhatsAppImage2026-05-12at6.21.50PM.jpg?v=1778790864,4,"",,,,,,,,,,,,,,,,,,,,,,,,,,,,,
plant,,,,,,,,,,,,,,,,,,,,,,,,,,,,,,,,https://cdn.shopify.com/s/files/1/0813/8561/9682/files/WhatsAppImage2026-05-12at6.21.51PM_1.jpg?v=1778790864,5,"",,,,,,,,,,,,,,,,,,,,,,,,,,,,,
plant,,,,,,,,,,,,,,,,,,,,,,,,,,,,,,,,https://cdn.shopify.com/s/files/1/0813/8561/9682/files/WhatsAppImage2026-05-12at6.21.51PM_2.jpg?v=1778790864,6,"",,,,,,,,,,,,,,,,,,,,,,,,,,,,,
plant,,,,,,,,,,,,,,,,,,,,,,,,,,,,,,,,https://cdn.shopify.com/s/files/1/0813/8561/9682/files/WhatsAppImage2026-05-12at6.21.51PM.jpg?v=1778790864,7,"",,,,,,,,,,,,,,,,,,,,,,,,,,,,,
plant,,,,,,,,,,,,,,,,,,,,,,,,,,,,,,,,https://cdn.shopify.com/s/files/1/0813/8561/9682/files/WhatsAppImage2026-05-12at6.21.53PM.jpg?v=1778790864,8,"",,,,,,,,,,,,,,,,,,,,,,,,,,,,,
plant,,,,,,,,,,,,,,,,,,,,,,,,,,,,,,,,https://cdn.shopify.com/s/files/1/0813/8561/9682/files/WhatsAppImage2026-05-12at6.21.54PM_1.jpg?v=1778790864,9,"",,,,,,,,,,,,,,,,,,,,,,,,,,,,,
plant,,,,,,,,,,,,,,,,,,,,,,,,,,,,,,,,https://cdn.shopify.com/s/files/1/0813/8561/9682/files/WhatsAppImage2026-05-12at6.21.54PM_2.jpg?v=1778790864,10,"",,,,,,,,,,,,,,,,,,,,,,,,,,,,,
plant,,,,,,,,,,,,,,,,,,,,,,,,,,,,,,,,https://cdn.shopify.com/s/files/1/0813/8561/9682/files/WhatsAppImage2026-05-12at6.21.54PM.jpg?v=1778790864,11,"",,,,,,,,,,,,,,,,,,,,,,,,,,,,,
plant,,,,,,,,,,,,,,,,,,,,,,,,,,,,,,,,https://cdn.shopify.com/s/files/1/0813/8561/9682/files/WhatsAppImage2026-05-12at6.21.55PM_1.jpg?v=1778790864,12,"",,,,,,,,,,,,,,,,,,,,,,,,,,,,,
plant,,,,,,,,,,,,,,,,,,,,,,,,,,,,,,,,https://cdn.shopify.com/s/files/1/0813/8561/9682/files/WhatsAppImage2026-05-12at6.21.55PM_2.jpg?v=1778790864,13,"",,,,,,,,,,,,,,,,,,,,,,,,,,,,,
plant,,,,,,,,,,,,,,,,,,,,,,,,,,,,,,,,https://cdn.shopify.com/s/files/1/0813/8561/9682/files/WhatsAppImage2026-05-12at6.21.55PM_3.jpg?v=1778790864,14,"",,,,,,,,,,,,,,,,,,,,,,,,,,,,,
plant,,,,,,,,,,,,,,,,,,,,,,,,,,,,,,,,https://cdn.shopify.com/s/files/1/0813/8561/9682/files/WhatsAppImage2026-05-12at6.21.55PM.jpg?v=1778790864,15,"",,,,,,,,,,,,,,,,,,,,,,,,,,,,,
plant,,,,,,,,,,,,,,,,,,,,,,,,,,,,,,,,https://cdn.shopify.com/s/files/1/0813/8561/9682/files/WhatsAppImage2026-05-12at6.21.56PM_1.jpg?v=1778790864,16,"",,,,,,,,,,,,,,,,,,,,,,,,,,,,,
plant,,,,,,,,,,,,,,,,,,,,,,,,,,,,,,,,https://cdn.shopify.com/s/files/1/0813/8561/9682/files/WhatsAppImage2026-05-12at6.21.56PM_2.jpg?v=1778790864,17,"",,,,,,,,,,,,,,,,,,,,,,,,,,,,,
plant,,,,,,,,,,,,,,,,,,,,,,,,,,,,,,,,https://cdn.shopify.com/s/files/1/0813/8561/9682/files/WhatsAppImage2026-05-12at6.21.56PM.jpg?v=1778790864,18,"",,,,,,,,,,,,,,,,,,,,,,,,,,,,,
plant,,,,,,,,,,,,,,,,,,,,,,,,,,,,,,,,https://cdn.shopify.com/s/files/1/0813/8561/9682/files/WhatsAppImage2026-05-12at6.21.57PM_1.jpg?v=1778790864,19,"",,,,,,,,,,,,,,,,,,,,,,,,,,,,,
plant,,,,,,,,,,,,,,,,,,,,,,,,,,,,,,,,https://cdn.shopify.com/s/files/1/0813/8561/9682/files/WhatsAppImage2026-05-12at6.21.57PM.jpg?v=1778790864,20,"",,,,,,,,,,,,,,,,,,,,,,,,,,,,,
t,t,"",Blossom Art Galleries,Home & Garden > Decor > Artificial Flora > Artificial Flowering Plants,"","",true,Title,Default Title,,,,,,,,,0.0,shopify,0,deny,manual,0.00,,true,true,,,,,"",https://cdn.shopify.com/s/files/1/0813/8561/9682/files/WhatsAppImage2026-05-12at6.24.21PM.jpg?v=1778790825,1,"",false,,,,,,,,,,,,,,,,,,,,,,,,,kg,,,active
t,,,,,,,,,,,,,,,,,,,,,,,,,,,,,,,,https://cdn.shopify.com/s/files/1/0813/8561/9682/files/WhatsAppImage2026-05-12at6.24.25PM.jpg?v=1778790825,2,"",,,,,,,,,,,,,,,,,,,,,,,,,,,,,
t,,,,,,,,,,,,,,,,,,,,,,,,,,,,,,,,https://cdn.shopify.com/s/files/1/0813/8561/9682/files/WhatsAppImage2026-05-12at6.24.27PM_1.jpg?v=1778790824,3,"",,,,,,,,,,,,,,,,,,,,,,,,,,,,,
t,,,,,,,,,,,,,,,,,,,,,,,,,,,,,,,,https://cdn.shopify.com/s/files/1/0813/8561/9682/files/WhatsAppImage2026-05-12at6.24.27PM.jpg?v=1778790825,4,"",,,,,,,,,,,,,,,,,,,,,,,,,,,,,
t,,,,,,,,,,,,,,,,,,,,,,,,,,,,,,,,https://cdn.shopify.com/s/files/1/0813/8561/9682/files/WhatsAppImage2026-05-12at6.24.28PM.jpg?v=1778790825,5,"",,,,,,,,,,,,,,,,,,,,,,,,,,,,,
t,,,,,,,,,,,,,,,,,,,,,,,,,,,,,,,,https://cdn.shopify.com/s/files/1/0813/8561/9682/files/WhatsAppImage2026-05-12at6.24.29PM.jpg?v=1778790825,6,"",,,,,,,,,,,,,,,,,,,,,,,,,,,,,
t,,,,,,,,,,,,,,,,,,,,,,,,,,,,,,,,https://cdn.shopify.com/s/files/1/0813/8561/9682/files/WhatsAppImage2026-05-12at6.24.30PM.jpg?v=1778790825,7,"",,,,,,,,,,,,,,,,,,,,,,,,,,,,,
t,,,,,,,,,,,,,,,,,,,,,,,,,,,,,,,,https://cdn.shopify.com/s/files/1/0813/8561/9682/files/WhatsAppImage2026-05-12at6.24.32PM_1.jpg?v=1778790825,8,"",,,,,,,,,,,,,,,,,,,,,,,,,,,,,
t,,,,,,,,,,,,,,,,,,,,,,,,,,,,,,,,https://cdn.shopify.com/s/files/1/0813/8561/9682/files/WhatsAppImage2026-05-12at6.24.32PM.jpg?v=1778790825,9,"",,,,,,,,,,,,,,,,,,,,,,,,,,,,,
t,,,,,,,,,,,,,,,,,,,,,,,,,,,,,,,,https://cdn.shopify.com/s/files/1/0813/8561/9682/files/WhatsAppImage2026-05-12at6.24.34PM_1.jpg?v=1778790825,10,"",,,,,,,,,,,,,,,,,,,,,,,,,,,,,
t,,,,,,,,,,,,,,,,,,,,,,,,,,,,,,,,https://cdn.shopify.com/s/files/1/0813/8561/9682/files/WhatsAppImage2026-05-12at6.24.34PM.jpg?v=1778790825,11,"",,,,,,,,,,,,,,,,,,,,,,,,,,,,,
t,,,,,,,,,,,,,,,,,,,,,,,,,,,,,,,,https://cdn.shopify.com/s/files/1/0813/8561/9682/files/WhatsAppImage2026-05-12at6.24.40PM_1.jpg?v=1778790825,12,"",,,,,,,,,,,,,,,,,,,,,,,,,,,,,
t,,,,,,,,,,,,,,,,,,,,,,,,,,,,,,,,https://cdn.shopify.com/s/files/1/0813/8561/9682/files/WhatsAppImage2026-05-12at6.24.40PM_2.jpg?v=1778790825,13,"",,,,,,,,,,,,,,,,,,,,,,,,,,,,,
t,,,,,,,,,,,,,,,,,,,,,,,,,,,,,,,,https://cdn.shopify.com/s/files/1/0813/8561/9682/files/WhatsAppImage2026-05-12at6.24.40PM.jpg?v=1778790825,14,"",,,,,,,,,,,,,,,,,,,,,,,,,,,,,
t,,,,,,,,,,,,,,,,,,,,,,,,,,,,,,,,https://cdn.shopify.com/s/files/1/0813/8561/9682/files/WhatsAppImage2026-05-12at6.24.41PM_1.jpg?v=1778790825,15,"",,,,,,,,,,,,,,,,,,,,,,,,,,,,,
t,,,,,,,,,,,,,,,,,,,,,,,,,,,,,,,,https://cdn.shopify.com/s/files/1/0813/8561/9682/files/WhatsAppImage2026-05-12at6.24.41PM_2.jpg?v=1778790825,16,"",,,,,,,,,,,,,,,,,,,,,,,,,,,,,
t,,,,,,,,,,,,,,,,,,,,,,,,,,,,,,,,https://cdn.shopify.com/s/files/1/0813/8561/9682/files/WhatsAppImage2026-05-12at6.24.41PM.jpg?v=1778790825,17,"",,,,,,,,,,,,,,,,,,,,,,,,,,,,,
t,,,,,,,,,,,,,,,,,,,,,,,,,,,,,,,,https://cdn.shopify.com/s/files/1/0813/8561/9682/files/WhatsAppImage2026-05-12at6.24.42PM_1.jpg?v=1778790825,18,"",,,,,,,,,,,,,,,,,,,,,,,,,,,,,
t,,,,,,,,,,,,,,,,,,,,,,,,,,,,,,,,https://cdn.shopify.com/s/files/1/0813/8561/9682/files/WhatsAppImage2026-05-12at6.24.42PM_2.jpg?v=1778790825,19,"",,,,,,,,,,,,,,,,,,,,,,,,,,,,,
t,,,,,,,,,,,,,,,,,,,,,,,,,,,,,,,,https://cdn.shopify.com/s/files/1/0813/8561/9682/files/WhatsAppImage2026-05-12at6.24.42PM.jpg?v=1778790825,20,"",,,,,,,,,,,,,,,,,,,,,,,,,,,,,
t,,,,,,,,,,,,,,,,,,,,,,,,,,,,,,,,https://cdn.shopify.com/s/files/1/0813/8561/9682/files/WhatsAppImage2026-05-12at6.24.43PM_1.jpg?v=1778790825,21,"",,,,,,,,,,,,,,,,,,,,,,,,,,,,,
t,,,,,,,,,,,,,,,,,,,,,,,,,,,,,,,,https://cdn.shopify.com/s/files/1/0813/8561/9682/files/WhatsAppImage2026-05-12at6.24.43PM_2.jpg?v=1778790825,22,"",,,,,,,,,,,,,,,,,,,,,,,,,,,,,
t,,,,,,,,,,,,,,,,,,,,,,,,,,,,,,,,https://cdn.shopify.com/s/files/1/0813/8561/9682/files/WhatsAppImage2026-05-12at6.24.43PM.jpg?v=1778790825,23,"",,,,,,,,,,,,,,,,,,,,,,,,,,,,,
t,,,,,,,,,,,,,,,,,,,,,,,,,,,,,,,,https://cdn.shopify.com/s/files/1/0813/8561/9682/files/WhatsAppImage2026-05-12at6.24.44PM_1.jpg?v=1778790825,24,"",,,,,,,,,,,,,,,,,,,,,,,,,,,,,
t,,,,,,,,,,,,,,,,,,,,,,,,,,,,,,,,https://cdn.shopify.com/s/files/1/0813/8561/9682/files/WhatsAppImage2026-05-12at6.24.44PM_2.jpg?v=1778790825,25,"",,,,,,,,,,,,,,,,,,,,,,,,,,,,,
t,,,,,,,,,,,,,,,,,,,,,,,,,,,,,,,,https://cdn.shopify.com/s/files/1/0813/8561/9682/files/WhatsAppImage2026-05-12at6.24.44PM.jpg?v=1778790825,26,"",,,,,,,,,,,,,,,,,,,,,,,,,,,,,
t,,,,,,,,,,,,,,,,,,,,,,,,,,,,,,,,https://cdn.shopify.com/s/files/1/0813/8561/9682/files/WhatsAppImage2026-05-12at6.24.45PM_1.jpg?v=1778790825,27,"",,,,,,,,,,,,,,,,,,,,,,,,,,,,,
t,,,,,,,,,,,,,,,,,,,,,,,,,,,,,,,,https://cdn.shopify.com/s/files/1/0813/8561/9682/files/WhatsAppImage2026-05-12at6.24.45PM_2.jpg?v=1778790825,28,"",,,,,,,,,,,,,,,,,,,,,,,,,,,,,
t,,,,,,,,,,,,,,,,,,,,,,,,,,,,,,,,https://cdn.shopify.com/s/files/1/0813/8561/9682/files/WhatsAppImage2026-05-12at6.24.45PM.jpg?v=1778790825,29,"",,,,,,,,,,,,,,,,,,,,,,,,,,,,,
t,,,,,,,,,,,,,,,,,,,,,,,,,,,,,,,,https://cdn.shopify.com/s/files/1/0813/8561/9682/files/WhatsAppImage2026-05-12at6.24.48PM_1.jpg?v=1778790825,30,"",,,,,,,,,,,,,,,,,,,,,,,,,,,,,
t,,,,,,,,,,,,,,,,,,,,,,,,,,,,,,,,https://cdn.shopify.com/s/files/1/0813/8561/9682/files/WhatsAppImage2026-05-12at6.24.48PM_2.jpg?v=1778790825,31,"",,,,,,,,,,,,,,,,,,,,,,,,,,,,,
t,,,,,,,,,,,,,,,,,,,,,,,,,,,,,,,,https://cdn.shopify.com/s/files/1/0813/8561/9682/files/WhatsAppImage2026-05-12at6.24.48PM_3.jpg?v=1778790824,32,"",,,,,,,,,,,,,,,,,,,,,,,,,,,,,
t,,,,,,,,,,,,,,,,,,,,,,,,,,,,,,,,https://cdn.shopify.com/s/files/1/0813/8561/9682/files/WhatsAppImage2026-05-12at6.24.48PM.jpg?v=1778790825,33,"",,,,,,,,,,,,,,,,,,,,,,,,,,,,,
t,,,,,,,,,,,,,,,,,,,,,,,,,,,,,,,,https://cdn.shopify.com/s/files/1/0813/8561/9682/files/WhatsAppImage2026-05-12at6.24.49PM_1.jpg?v=1778790825,34,"",,,,,,,,,,,,,,,,,,,,,,,,,,,,,
t,,,,,,,,,,,,,,,,,,,,,,,,,,,,,,,,https://cdn.shopify.com/s/files/1/0813/8561/9682/files/WhatsAppImage2026-05-12at6.24.49PM_2.jpg?v=1778790825,35,"",,,,,,,,,,,,,,,,,,,,,,,,,,,,,
t,,,,,,,,,,,,,,,,,,,,,,,,,,,,,,,,https://cdn.shopify.com/s/files/1/0813/8561/9682/files/WhatsAppImage2026-05-12at6.24.49PM.jpg?v=1778790825,36,"",,,,,,,,,,,,,,,,,,,,,,,,,,,,,
t,,,,,,,,,,,,,,,,,,,,,,,,,,,,,,,,https://cdn.shopify.com/s/files/1/0813/8561/9682/files/WhatsAppImage2026-05-12at6.24.50PM_1.jpg?v=1778790825,37,"",,,,,,,,,,,,,,,,,,,,,,,,,,,,,
t,,,,,,,,,,,,,,,,,,,,,,,,,,,,,,,,https://cdn.shopify.com/s/files/1/0813/8561/9682/files/WhatsAppImage2026-05-12at6.24.50PM_2.jpg?v=1778790824,38,"",,,,,,,,,,,,,,,,,,,,,,,,,,,,,
t,,,,,,,,,,,,,,,,,,,,,,,,,,,,,,,,https://cdn.shopify.com/s/files/1/0813/8561/9682/files/WhatsAppImage2026-05-12at6.24.50PM.jpg?v=1778790825,39,"",,,,,,,,,,,,,,,,,,,,,,,,,,,,,
t,,,,,,,,,,,,,,,,,,,,,,,,,,,,,,,,https://cdn.shopify.com/s/files/1/0813/8561/9682/files/WhatsAppImage2026-05-12at6.24.51PM_1.jpg?v=1778790825,40,"",,,,,,,,,,,,,,,,,,,,,,,,,,,,,
t,,,,,,,,,,,,,,,,,,,,,,,,,,,,,,,,https://cdn.shopify.com/s/files/1/0813/8561/9682/files/WhatsAppImage2026-05-12at6.24.51PM_2.jpg?v=1778790824,41,"",,,,,,,,,,,,,,,,,,,,,,,,,,,,,
t,,,,,,,,,,,,,,,,,,,,,,,,,,,,,,,,https://cdn.shopify.com/s/files/1/0813/8561/9682/files/WhatsAppImage2026-05-12at6.24.51PM.jpg?v=1778790828,42,"",,,,,,,,,,,,,,,,,,,,,,,,,,,,,
t,,,,,,,,,,,,,,,,,,,,,,,,,,,,,,,,https://cdn.shopify.com/s/files/1/0813/8561/9682/files/WhatsAppImage2026-05-12at6.24.54PM.jpg?v=1778790825,43,"",,,,,,,,,,,,,,,,,,,,,,,,,,,,,
t,,,,,,,,,,,,,,,,,,,,,,,,,,,,,,,,https://cdn.shopify.com/s/files/1/0813/8561/9682/files/WhatsAppImage2026-05-12at6.24.55PM_1.jpg?v=1778790825,44,"",,,,,,,,,,,,,,,,,,,,,,,,,,,,,
t,,,,,,,,,,,,,,,,,,,,,,,,,,,,,,,,https://cdn.shopify.com/s/files/1/0813/8561/9682/files/WhatsAppImage2026-05-12at6.24.55PM_2.jpg?v=1778790825,45,"",,,,,,,,,,,,,,,,,,,,,,,,,,,,,
t,,,,,,,,,,,,,,,,,,,,,,,,,,,,,,,,https://cdn.shopify.com/s/files/1/0813/8561/9682/files/WhatsAppImage2026-05-12at6.24.55PM.jpg?v=1778790824,46,"",,,,,,,,,,,,,,,,,,,,,,,,,,,,,
t,,,,,,,,,,,,,,,,,,,,,,,,,,,,,,,,https://cdn.shopify.com/s/files/1/0813/8561/9682/files/WhatsAppImage2026-05-12at6.24.56PM_1.jpg?v=1778790825,47,"",,,,,,,,,,,,,,,,,,,,,,,,,,,,,
t,,,,,,,,,,,,,,,,,,,,,,,,,,,,,,,,https://cdn.shopify.com/s/files/1/0813/8561/9682/files/WhatsAppImage2026-05-12at6.24.56PM_2.jpg?v=1778790825,48,"",,,,,,,,,,,,,,,,,,,,,,,,,,,,,
t,,,,,,,,,,,,,,,,,,,,,,,,,,,,,,,,https://cdn.shopify.com/s/files/1/0813/8561/9682/files/WhatsAppImage2026-05-12at6.24.56PM.jpg?v=1778790825,49,"",,,,,,,,,,,,,,,,,,,,,,,,,,,,,
t,,,,,,,,,,,,,,,,,,,,,,,,,,,,,,,,https://cdn.shopify.com/s/files/1/0813/8561/9682/files/WhatsAppImage2026-05-12at6.24.57PM_1.jpg?v=1778790825,50,"",,,,,,,,,,,,,,,,,,,,,,,,,,,,,
t,,,,,,,,,,,,,,,,,,,,,,,,,,,,,,,,https://cdn.shopify.com/s/files/1/0813/8561/9682/files/WhatsAppImage2026-05-12at6.24.57PM_2.jpg?v=1778790824,51,"",,,,,,,,,,,,,,,,,,,,,,,,,,,,,
t,,,,,,,,,,,,,,,,,,,,,,,,,,,,,,,,https://cdn.shopify.com/s/files/1/0813/8561/9682/files/WhatsAppImage2026-05-12at6.24.57PM.jpg?v=1778790825,52,"",,,,,,,,,,,,,,,,,,,,,,,,,,,,,
t,,,,,,,,,,,,,,,,,,,,,,,,,,,,,,,,https://cdn.shopify.com/s/files/1/0813/8561/9682/files/WhatsAppImage2026-05-12at6.24.58PM.jpg?v=1778790825,53,"",,,,,,,,,,,,,,,,,,,,,,,,,,,,,
t,,,,,,,,,,,,,,,,,,,,,,,,,,,,,,,,https://cdn.shopify.com/s/files/1/0813/8561/9682/files/WhatsAppImage2026-05-12at6.24.59PM_1.jpg?v=1778790825,54,"",,,,,,,,,,,,,,,,,,,,,,,,,,,,,
t,,,,,,,,,,,,,,,,,,,,,,,,,,,,,,,,https://cdn.shopify.com/s/files/1/0813/8561/9682/files/WhatsAppImage2026-05-12at6.24.59PM_2.jpg?v=1778790825,55,"",,,,,,,,,,,,,,,,,,,,,,,,,,,,,
t,,,,,,,,,,,,,,,,,,,,,,,,,,,,,,,,https://cdn.shopify.com/s/files/1/0813/8561/9682/files/WhatsAppImage2026-05-12at6.24.59PM.jpg?v=1778790825,56,"",,,,,,,,,,,,,,,,,,,,,,,,,,,,,
t,,,,,,,,,,,,,,,,,,,,,,,,,,,,,,,,https://cdn.shopify.com/s/files/1/0813/8561/9682/files/WhatsAppImage2026-05-12at6.25.00PM_1.jpg?v=1778790825,57,"",,,,,,,,,,,,,,,,,,,,,,,,,,,,,
t,,,,,,,,,,,,,,,,,,,,,,,,,,,,,,,,https://cdn.shopify.com/s/files/1/0813/8561/9682/files/WhatsAppImage2026-05-12at6.25.00PM.jpg?v=1778790825,58,"",,,,,,,,,,,,,,,,,,,,,,,,,,,,,
t,,,,,,,,,,,,,,,,,,,,,,,,,,,,,,,,https://cdn.shopify.com/s/files/1/0813/8561/9682/files/WhatsAppImage2026-05-12at6.25.01PM.jpg?v=1778790825,59,"",,,,,,,,,,,,,,,,,,,,,,,,,,,,,
t,,,,,,,,,,,,,,,,,,,,,,,,,,,,,,,,https://cdn.shopify.com/s/files/1/0813/8561/9682/files/WhatsAppImage2026-05-12at6.25.02PM.jpg?v=1778790825,60,"",,,,,,,,,,,,,,,,,,,,,,,,,,,,,
bunch,bunch,"",Blossom Art Galleries,Uncategorized,"","",true,Title,Default Title,,,,,,,,,0.0,shopify,0,deny,manual,0.00,,true,true,,,,,"",https://cdn.shopify.com/s/files/1/0813/8561/9682/files/WhatsAppImage2026-05-12at6.42.54PM.jpg?v=1778790791,1,"",false,,,,,,,,,,,,,,,,,,,,,,,,,kg,,,active
bunch,,,,,,,,,,,,,,,,,,,,,,,,,,,,,,,,https://cdn.shopify.com/s/files/1/0813/8561/9682/files/WhatsAppImage2026-05-12at6.42.55PM_1.jpg?v=1778790791,2,"",,,,,,,,,,,,,,,,,,,,,,,,,,,,,
bunch,,,,,,,,,,,,,,,,,,,,,,,,,,,,,,,,https://cdn.shopify.com/s/files/1/0813/8561/9682/files/WhatsAppImage2026-05-12at6.42.55PM_2.jpg?v=1778790792,3,"",,,,,,,,,,,,,,,,,,,,,,,,,,,,,
bunch,,,,,,,,,,,,,,,,,,,,,,,,,,,,,,,,https://cdn.shopify.com/s/files/1/0813/8561/9682/files/WhatsAppImage2026-05-12at6.42.55PM.jpg?v=1778790791,4,"",,,,,,,,,,,,,,,,,,,,,,,,,,,,,
bunch,,,,,,,,,,,,,,,,,,,,,,,,,,,,,,,,https://cdn.shopify.com/s/files/1/0813/8561/9682/files/WhatsAppImage2026-05-12at6.42.56PM_1.jpg?v=1778790791,5,"",,,,,,,,,,,,,,,,,,,,,,,,,,,,,
bunch,,,,,,,,,,,,,,,,,,,,,,,,,,,,,,,,https://cdn.shopify.com/s/files/1/0813/8561/9682/files/WhatsAppImage2026-05-12at6.42.56PM.jpg?v=1778790791,6,"",,,,,,,,,,,,,,,,,,,,,,,,,,,,,
fruits,fruits,"",Blossom Art Galleries,Uncategorized,"","",true,Title,Default Title,,,,,,,,,0.0,shopify,0,deny,manual,0.00,,true,true,,,,,"",https://cdn.shopify.com/s/files/1/0813/8561/9682/files/WhatsAppImage2026-05-12at6.51.40PM_1.jpg?v=1778790705,1,"",false,,,,,,,,,,,,,,,,,,,,,,,,,kg,,,active
fruits,,,,,,,,,,,,,,,,,,,,,,,,,,,,,,,,https://cdn.shopify.com/s/files/1/0813/8561/9682/files/WhatsAppImage2026-05-12at6.51.40PM.jpg?v=1778790706,2,"",,,,,,,,,,,,,,,,,,,,,,,,,,,,,
artificial-potted-plant,Artificial Potted Plant,"",Blossom Art Galleries,Uncategorized,"","",true,Title,Default Title,,,,,,,,,0.0,shopify,0,deny,manual,0.00,,true,true,,,,,"",https://cdn.shopify.com/s/files/1/0813/8561/9682/files/WhatsAppImage2026-05-12at6.35.29PM_1.jpg?v=1778790681,1,"",false,,,,,,,,,,,,,,,,,,,,,,,,,kg,,,active
artificial-potted-plant,,,,,,,,,,,,,,,,,,,,,,,,,,,,,,,,https://cdn.shopify.com/s/files/1/0813/8561/9682/files/WhatsAppImage2026-05-12at6.35.29PM.jpg?v=1778790681,2,"",,,,,,,,,,,,,,,,,,,,,,,,,,,,,
artificial-potted-plant,,,,,,,,,,,,,,,,,,,,,,,,,,,,,,,,https://cdn.shopify.com/s/files/1/0813/8561/9682/files/WhatsAppImage2026-05-12at6.35.30PM.jpg?v=1778790681,3,"",,,,,,,,,,,,,,,,,,,,,,,,,,,,,
artificial-potted-plant,,,,,,,,,,,,,,,,,,,,,,,,,,,,,,,,https://cdn.shopify.com/s/files/1/0813/8561/9682/files/WhatsAppImage2026-05-12at6.35.33PM.jpg?v=1778790682,4,"",,,,,,,,,,,,,,,,,,,,,,,,,,,,,
artificial-potted-plant,,,,,,,,,,,,,,,,,,,,,,,,,,,,,,,,https://cdn.shopify.com/s/files/1/0813/8561/9682/files/WhatsAppImage2026-05-12at6.35.34PM_1.jpg?v=1778790681,5,"",,,,,,,,,,,,,,,,,,,,,,,,,,,,,
artificial-potted-plant,,,,,,,,,,,,,,,,,,,,,,,,,,,,,,,,https://cdn.shopify.com/s/files/1/0813/8561/9682/files/WhatsAppImage2026-05-12at6.35.34PM.jpg?v=1778790681,6,"",,,,,,,,,,,,,,,,,,,,,,,,,,,,,
artificial-flower-bunches,Artificial Flower Bunches,"",Blossom Art Galleries,Uncategorized,"","",true,Title,Default Title,,,,,,,,,0.0,shopify,0,deny,manual,0.00,,true,true,,,,,"",https://cdn.shopify.com/s/files/1/0813/8561/9682/files/WhatsAppImage2026-05-12at6.56.14PM_1.jpg?v=1778790433,1,"",false,,,,,,,,,,,,,,,,,,,,,,,,,kg,,,active
artificial-flower-bunches,,,,,,,,,,,,,,,,,,,,,,,,,,,,,,,,https://cdn.shopify.com/s/files/1/0813/8561/9682/files/WhatsAppImage2026-05-12at6.56.14PM.jpg?v=1778790433,2,"",,,,,,,,,,,,,,,,,,,,,,,,,,,,,
artificial-flower-bunches,,,,,,,,,,,,,,,,,,,,,,,,,,,,,,,,https://cdn.shopify.com/s/files/1/0813/8561/9682/files/WhatsAppImage2026-05-12at6.56.15PM_1.jpg?v=1778790433,3,"",,,,,,,,,,,,,,,,,,,,,,,,,,,,,
artificial-flower-bunches,,,,,,,,,,,,,,,,,,,,,,,,,,,,,,,,https://cdn.shopify.com/s/files/1/0813/8561/9682/files/WhatsAppImage2026-05-12at6.56.15PM_2.jpg?v=1778790433,4,"",,,,,,,,,,,,,,,,,,,,,,,,,,,,,
artificial-flower-bunches,,,,,,,,,,,,,,,,,,,,,,,,,,,,,,,,https://cdn.shopify.com/s/files/1/0813/8561/9682/files/WhatsAppImage2026-05-12at6.56.15PM.jpg?v=1778790433,5,"",,,,,,,,,,,,,,,,,,,,,,,,,,,,,
artificial-flower-bunches,,,,,,,,,,,,,,,,,,,,,,,,,,,,,,,,https://cdn.shopify.com/s/files/1/0813/8561/9682/files/WhatsAppImage2026-05-12at6.56.16PM.jpg?v=1778790433,6,"",,,,,,,,,,,,,,,,,,,,,,,,,,,,,
artificial-flower-bunches,,,,,,,,,,,,,,,,,,,,,,,,,,,,,,,,https://cdn.shopify.com/s/files/1/0813/8561/9682/files/WhatsAppImage2026-05-12at6.56.17PM_1.jpg?v=1778790433,7,"",,,,,,,,,,,,,,,,,,,,,,,,,,,,,
artificial-flower-bunches,,,,,,,,,,,,,,,,,,,,,,,,,,,,,,,,https://cdn.shopify.com/s/files/1/0813/8561/9682/files/WhatsAppImage2026-05-12at6.56.17PM_2.jpg?v=1778790433,8,"",,,,,,,,,,,,,,,,,,,,,,,,,,,,,
artificial-flower-bunches,,,,,,,,,,,,,,,,,,,,,,,,,,,,,,,,https://cdn.shopify.com/s/files/1/0813/8561/9682/files/WhatsAppImage2026-05-12at6.56.17PM.jpg?v=1778790433,9,"",,,,,,,,,,,,,,,,,,,,,,,,,,,,,
artificial-flower-bunches,,,,,,,,,,,,,,,,,,,,,,,,,,,,,,,,https://cdn.shopify.com/s/files/1/0813/8561/9682/files/WhatsAppImage2026-05-12at6.56.18PM.jpg?v=1778790433,10,"",,,,,,,,,,,,,,,,,,,,,,,,,,,,,
artificial-flower-bunches,,,,,,,,,,,,,,,,,,,,,,,,,,,,,,,,https://cdn.shopify.com/s/files/1/0813/8561/9682/files/WhatsAppImage2026-05-12at6.56.20PM.jpg?v=1778790433,11,"",,,,,,,,,,,,,,,,,,,,,,,,,,,,,
artificial-flower-bunches,,,,,,,,,,,,,,,,,,,,,,,,,,,,,,,,https://cdn.shopify.com/s/files/1/0813/8561/9682/files/WhatsAppImage2026-05-12at6.56.21PM.jpg?v=1778790433,12,"",,,,,,,,,,,,,,,,,,,,,,,,,,,,,
artificial-flower-bunches,,,,,,,,,,,,,,,,,,,,,,,,,,,,,,,,https://cdn.shopify.com/s/files/1/0813/8561/9682/files/WhatsAppImage2026-05-12at6.56.24PM.jpg?v=1778790433,13,"",,,,,,,,,,,,,,,,,,,,,,,,,,,,,
artificial-flower-bunches,,,,,,,,,,,,,,,,,,,,,,,,,,,,,,,,https://cdn.shopify.com/s/files/1/0813/8561/9682/files/WhatsAppImage2026-05-12at6.56.25PM.jpg?v=1778790433,14,"",,,,,,,,,,,,,,,,,,,,,,,,,,,,,
luxury-artificial-vertical-garden-panels-expandable-privacy-fences,Luxury Artificial Vertical Garden Panels & Expandable Privacy Fences,"<ul>
<li>
<p data-path-to-node=""2,1,1,0,0"">Premium collection of UV-protected artificial greenery designed for permanent wall installations and privacy screening.</p>
</li>
<li>
<p data-path-to-node=""2,1,1,1,0""><b data-path-to-node=""2,1,1,1,0"" data-index-in-node=""0"">Expandable Fences</b>: Feature a flexible wooden lattice base with realistic Zebra leaf or Money Plant foliage. Standard 4ft height when retracted.</p>
</li>
<li>
<p data-path-to-node=""2,1,1,2,0""><b data-path-to-node=""2,1,1,2,0"" data-index-in-node=""0"">Vertical Garden Panels</b>: High-density 1m x 1m panels featuring diverse plant species, including ferns, moss, and broadleaf textures.</p>
</li>
<li>
<p data-path-to-node=""2,1,1,3,0""><b data-path-to-node=""2,1,1,3,0"" data-index-in-node=""0"">Durability</b>: UV-treated for weather resistance and long-lasting color in both indoor and outdoor settings.</p>
</li>
<li>
<p data-path-to-node=""2,1,1,4,0""><b data-path-to-node=""2,1,1,4,0"" data-index-in-node=""0"">Maintenance</b>: Zero maintenance required—no watering, pruning, or sunlight needed.</p>
</li>
</ul>Premium collection of UV-protected artificial greenery designed for permanent wall installations and privacy screening.

Expandable Fences: Feature a flexible wooden lattice base with realistic Zebra leaf or Money Plant foliage. Standard 4ft height when retracted, expanding to create customizable privacy barriers without the upkeep of living plants.

Vertical Garden Panels: High-density 1m x 1m modular panels featuring diverse plant species, including ferns, moss, and broadleaf textures. Stack and arrange to transform blank walls into lush green focal points for homes, offices, and event venues.

Durability: UV-treated for weather resistance and long-lasting color in both indoor and outdoor settings. Maintains vibrant appearance year-round without fading or deterioration.

Maintenance: Zero maintenance required—no watering, pruning, or sunlight needed. Perfect for spaces where live plants aren't practical, yet you want the aesthetic and ambiance of a thriving garden.

Ideal for creating instant greenery in apartments, balconies, commercial spaces, and event installations. Lightweight, easy to install, and designed to complement modern and traditional interiors alike.",Blossom Art Galleries,Hardware > Fencing & Barriers > Fence Panels > Privacy Panels,"","",true,Title,Default Title,,,,,,,,,0.0,shopify,0,deny,manual,0.00,,true,true,,,,,"",https://cdn.shopify.com/s/files/1/0813/8561/9682/files/WhatsAppImage2026-05-12at6.29.11PM_7cc90125-75d9-430f-bdc6-3970fdf069b0.jpg?v=1778790256,1,"",false,,,,,,,green,,panel; fabric,wood; fabric,,,,,,,,,,,,,,,kg,,,active
luxury-artificial-vertical-garden-panels-expandable-privacy-fences,,,,,,,,,,,,,,,,,,,,,,,,,,,,,,,,https://cdn.shopify.com/s/files/1/0813/8561/9682/files/WhatsAppImage2026-05-12at6.29.12PM_bb144beb-35c4-4a83-afae-2359b3e86f99.jpg?v=1778790256,2,"",,,,,,,,,,,,,,,,,,,,,,,,,,,,,
luxury-artificial-vertical-garden-panels-expandable-privacy-fences,,,,,,,,,,,,,,,,,,,,,,,,,,,,,,,,https://cdn.shopify.com/s/files/1/0813/8561/9682/files/WhatsAppImage2026-05-12at6.29.13PM_d13b7f64-d33d-4b58-8b71-d8f3339490c7.jpg?v=1778790256,3,"",,,,,,,,,,,,,,,,,,,,,,,,,,,,,
luxury-artificial-vertical-garden-panels-expandable-privacy-fences,,,,,,,,,,,,,,,,,,,,,,,,,,,,,,,,https://cdn.shopify.com/s/files/1/0813/8561/9682/files/WhatsAppImage2026-05-12at6.29.16PM_3ae7e51e-a704-45a3-8b0b-fb1fc282a6eb.jpg?v=1778790257,4,"",,,,,,,,,,,,,,,,,,,,,,,,,,,,,
luxury-artificial-vertical-garden-panels-expandable-privacy-fences,,,,,,,,,,,,,,,,,,,,,,,,,,,,,,,,https://cdn.shopify.com/s/files/1/0813/8561/9682/files/WhatsAppImage2026-05-12at6.29.17PM_8c7529b5-4654-4967-8430-ae6093588bbe.jpg?v=1778790257,5,"",,,,,,,,,,,,,,,,,,,,,,,,,,,,,
luxury-artificial-vertical-garden-panels-expandable-privacy-fences,,,,,,,,,,,,,,,,,,,,,,,,,,,,,,,,https://cdn.shopify.com/s/files/1/0813/8561/9682/files/WhatsAppImage2026-05-12at6.29.18PM_aa1c3f66-835f-4b7d-83c5-b06219030267.jpg?v=1778790256,6,"",,,,,,,,,,,,,,,,,,,,,,,,,,,,,
luxury-artificial-vertical-garden-panels-expandable-privacy-fences,,,,,,,,,,,,,,,,,,,,,,,,,,,,,,,,https://cdn.shopify.com/s/files/1/0813/8561/9682/files/WhatsAppImage2026-05-12at6.29.28PM_4b94358a-c83c-4b57-b986-8e98fddfe65d.jpg?v=1778790257,7,"",,,,,,,,,,,,,,,,,,,,,,,,,,,,,
luxury-artificial-vertical-garden-panels-expandable-privacy-fences,,,,,,,,,,,,,,,,,,,,,,,,,,,,,,,,https://cdn.shopify.com/s/files/1/0813/8561/9682/files/WhatsAppImage2026-05-12at6.29.29PM_1_889e2665-1a51-46f4-99f8-56636a8ae9b8.jpg?v=1778790257,8,"",,,,,,,,,,,,,,,,,,,,,,,,,,,,,
luxury-artificial-vertical-garden-panels-expandable-privacy-fences,,,,,,,,,,,,,,,,,,,,,,,,,,,,,,,,https://cdn.shopify.com/s/files/1/0813/8561/9682/files/WhatsAppImage2026-05-12at6.29.29PM_2_c3feac15-9390-4854-9342-bafa4556ee73.jpg?v=1778790256,9,"",,,,,,,,,,,,,,,,,,,,,,,,,,,,,
luxury-artificial-vertical-garden-panels-expandable-privacy-fences,,,,,,,,,,,,,,,,,,,,,,,,,,,,,,,,https://cdn.shopify.com/s/files/1/0813/8561/9682/files/WhatsAppImage2026-05-12at6.29.29PM_77c6dd3c-90ef-4dee-9f1d-ed1c557a0ebe.jpg?v=1778790256,10,"",,,,,,,,,,,,,,,,,,,,,,,,,,,,,
luxury-artificial-vertical-garden-panels-expandable-privacy-fences,,,,,,,,,,,,,,,,,,,,,,,,,,,,,,,,https://cdn.shopify.com/s/files/1/0813/8561/9682/files/WhatsAppImage2026-05-12at6.29.30PM_1_eff8e5a3-9371-4741-9cdc-80d5a277a471.jpg?v=1778790257,11,"",,,,,,,,,,,,,,,,,,,,,,,,,,,,,
luxury-artificial-vertical-garden-panels-expandable-privacy-fences,,,,,,,,,,,,,,,,,,,,,,,,,,,,,,,,https://cdn.shopify.com/s/files/1/0813/8561/9682/files/WhatsAppImage2026-05-12at6.29.30PM_2_1b55e880-6d9c-499e-b6ea-c41a0f297945.jpg?v=1778790256,12,"",,,,,,,,,,,,,,,,,,,,,,,,,,,,,
luxury-artificial-vertical-garden-panels-expandable-privacy-fences,,,,,,,,,,,,,,,,,,,,,,,,,,,,,,,,https://cdn.shopify.com/s/files/1/0813/8561/9682/files/WhatsAppImage2026-05-12at6.29.30PM_fbb6e2f8-2832-4be4-b6b9-1248fb2ad372.jpg?v=1778790256,13,"",,,,,,,,,,,,,,,,,,,,,,,,,,,,,
luxury-artificial-vertical-garden-panels-expandable-privacy-fences,,,,,,,,,,,,,,,,,,,,,,,,,,,,,,,,https://cdn.shopify.com/s/files/1/0813/8561/9682/files/WhatsAppImage2026-05-12at6.29.31PM_1_b869b365-83d2-4044-bdc8-b3943327daaa.jpg?v=1778790257,14,"",,,,,,,,,,,,,,,,,,,,,,,,,,,,,
luxury-artificial-vertical-garden-panels-expandable-privacy-fences,,,,,,,,,,,,,,,,,,,,,,,,,,,,,,,,https://cdn.shopify.com/s/files/1/0813/8561/9682/files/WhatsAppImage2026-05-12at6.29.31PM_2_938dc2cc-bf1a-4227-91f5-e03954fce0a7.jpg?v=1778790257,15,"",,,,,,,,,,,,,,,,,,,,,,,,,,,,,
luxury-artificial-vertical-garden-panels-expandable-privacy-fences,,,,,,,,,,,,,,,,,,,,,,,,,,,,,,,,https://cdn.shopify.com/s/files/1/0813/8561/9682/files/WhatsAppImage2026-05-12at6.29.31PM_839a0b2d-5cd1-4114-b01c-b3269d008c92.jpg?v=1778790256,16,"",,,,,,,,,,,,,,,,,,,,,,,,,,,,,
luxury-artificial-vertical-garden-panels-expandable-privacy-fences,,,,,,,,,,,,,,,,,,,,,,,,,,,,,,,,https://cdn.shopify.com/s/files/1/0813/8561/9682/files/WhatsAppImage2026-05-12at6.29.32PM_1_13561866-9fc8-4ab4-8d20-6649d0980baa.jpg?v=1778790257,17,"",,,,,,,,,,,,,,,,,,,,,,,,,,,,,
luxury-artificial-vertical-garden-panels-expandable-privacy-fences,,,,,,,,,,,,,,,,,,,,,,,,,,,,,,,,https://cdn.shopify.com/s/files/1/0813/8561/9682/files/WhatsAppImage2026-05-12at6.29.32PM_2_f0e9732d-5228-4cf6-bca6-c6814c231958.jpg?v=1778790256,18,"",,,,,,,,,,,,,,,,,,,,,,,,,,,,,
luxury-artificial-vertical-garden-panels-expandable-privacy-fences,,,,,,,,,,,,,,,,,,,,,,,,,,,,,,,,https://cdn.shopify.com/s/files/1/0813/8561/9682/files/WhatsAppImage2026-05-12at6.29.32PM_642facc2-7df9-4cf0-8840-9c271afd87af.jpg?v=1778790256,19,"",,,,,,,,,,,,,,,,,,,,,,,,,,,,,
luxury-artificial-vertical-garden-panels-expandable-privacy-fences,,,,,,,,,,,,,,,,,,,,,,,,,,,,,,,,https://cdn.shopify.com/s/files/1/0813/8561/9682/files/WhatsAppImage2026-05-12at6.29.33PM_1_7c33361b-b9cb-4b35-9d8b-b8cdaf2576e8.jpg?v=1778790256,20,"",,,,,,,,,,,,,,,,,,,,,,,,,,,,,
luxury-artificial-vertical-garden-panels-expandable-privacy-fences,,,,,,,,,,,,,,,,,,,,,,,,,,,,,,,,https://cdn.shopify.com/s/files/1/0813/8561/9682/files/WhatsAppImage2026-05-12at6.29.33PM_2_bd65fcc1-8b68-4037-82eb-ff50a14dfd1c.jpg?v=1778790256,21,"",,,,,,,,,,,,,,,,,,,,,,,,,,,,,
luxury-artificial-vertical-garden-panels-expandable-privacy-fences,,,,,,,,,,,,,,,,,,,,,,,,,,,,,,,,https://cdn.shopify.com/s/files/1/0813/8561/9682/files/WhatsAppImage2026-05-12at6.29.33PM_134fe9ef-74c3-4632-a2f9-79c553d55aef.jpg?v=1778790256,22,"",,,,,,,,,,,,,,,,,,,,,,,,,,,,,
luxury-artificial-vertical-garden-panels-expandable-privacy-fences,,,,,,,,,,,,,,,,,,,,,,,,,,,,,,,,https://cdn.shopify.com/s/files/1/0813/8561/9682/files/WhatsAppImage2026-05-12at6.29.34PM_1_19dc9731-6369-45b8-bdfd-40e3663dc598.jpg?v=1778790256,23,"",,,,,,,,,,,,,,,,,,,,,,,,,,,,,
luxury-artificial-vertical-garden-panels-expandable-privacy-fences,,,,,,,,,,,,,,,,,,,,,,,,,,,,,,,,https://cdn.shopify.com/s/files/1/0813/8561/9682/files/WhatsAppImage2026-05-12at6.29.34PM_2_83d46526-2f3f-4853-a124-93cdc2b738da.jpg?v=1778790256,24,"",,,,,,,,,,,,,,,,,,,,,,,,,,,,,
luxury-artificial-vertical-garden-panels-expandable-privacy-fences,,,,,,,,,,,,,,,,,,,,,,,,,,,,,,,,https://cdn.shopify.com/s/files/1/0813/8561/9682/files/WhatsAppImage2026-05-12at6.29.34PM_0d616f18-89b9-4ece-8aec-26bf362017a8.jpg?v=1778790256,25,"",,,,,,,,,,,,,,,,,,,,,,,,,,,,,
luxury-artificial-vertical-garden-panels-expandable-privacy-fences,,,,,,,,,,,,,,,,,,,,,,,,,,,,,,,,https://cdn.shopify.com/s/files/1/0813/8561/9682/files/WhatsAppImage2026-05-12at6.29.35PM_1_ba96133f-d202-4c40-a94b-9172c78295c5.jpg?v=1778790256,26,"",,,,,,,,,,,,,,,,,,,,,,,,,,,,,
luxury-artificial-vertical-garden-panels-expandable-privacy-fences,,,,,,,,,,,,,,,,,,,,,,,,,,,,,,,,https://cdn.shopify.com/s/files/1/0813/8561/9682/files/WhatsAppImage2026-05-12at6.29.35PM_2_9168fe35-cc0e-4f59-9726-2dee81b5677d.jpg?v=1778790256,27,"",,,,,,,,,,,,,,,,,,,,,,,,,,,,,
luxury-artificial-vertical-garden-panels-expandable-privacy-fences,,,,,,,,,,,,,,,,,,,,,,,,,,,,,,,,https://cdn.shopify.com/s/files/1/0813/8561/9682/files/WhatsAppImage2026-05-12at6.29.35PM_7fb64d94-e7b5-43f1-9c0f-f564387079d5.jpg?v=1778790257,28,"",,,,,,,,,,,,,,,,,,,,,,,,,,,,,
luxury-artificial-vertical-garden-panels-expandable-privacy-fences,,,,,,,,,,,,,,,,,,,,,,,,,,,,,,,,https://cdn.shopify.com/s/files/1/0813/8561/9682/files/WhatsAppImage2026-05-12at6.29.36PM_1_0e321c87-585a-4680-81a0-129701040ac0.jpg?v=1778790256,29,"",,,,,,,,,,,,,,,,,,,,,,,,,,,,,
luxury-artificial-vertical-garden-panels-expandable-privacy-fences,,,,,,,,,,,,,,,,,,,,,,,,,,,,,,,,https://cdn.shopify.com/s/files/1/0813/8561/9682/files/WhatsAppImage2026-05-12at6.29.36PM_2_108a1cd1-d635-47aa-8eea-50284b2daf68.jpg?v=1778790258,30,"",,,,,,,,,,,,,,,,,,,,,,,,,,,,,
luxury-artificial-vertical-garden-panels-expandable-privacy-fences,,,,,,,,,,,,,,,,,,,,,,,,,,,,,,,,https://cdn.shopify.com/s/files/1/0813/8561/9682/files/WhatsAppImage2026-05-12at6.29.36PM_edc10aa1-7bd7-4e64-869c-613627e88a8e.jpg?v=1778790256,31,"",,,,,,,,,,,,,,,,,,,,,,,,,,,,,
luxury-artificial-vertical-garden-panels-expandable-privacy-fences,,,,,,,,,,,,,,,,,,,,,,,,,,,,,,,,https://cdn.shopify.com/s/files/1/0813/8561/9682/files/WhatsAppImage2026-05-12at6.29.37PM_1_34510a0a-e288-4f68-8721-f86fe70c22c1.jpg?v=1778790256,32,"",,,,,,,,,,,,,,,,,,,,,,,,,,,,,
luxury-artificial-vertical-garden-panels-expandable-privacy-fences,,,,,,,,,,,,,,,,,,,,,,,,,,,,,,,,https://cdn.shopify.com/s/files/1/0813/8561/9682/files/WhatsAppImage2026-05-12at6.29.37PM_2_c2b4cdaa-32e0-4a83-a8f9-ee83f61ceb7a.jpg?v=1778790257,33,"",,,,,,,,,,,,,,,,,,,,,,,,,,,,,
luxury-artificial-vertical-garden-panels-expandable-privacy-fences,,,,,,,,,,,,,,,,,,,,,,,,,,,,,,,,https://cdn.shopify.com/s/files/1/0813/8561/9682/files/WhatsAppImage2026-05-12at6.29.37PM_718ccb5a-7038-43fa-a592-0d0181695f91.jpg?v=1778790256,34,"",,,,,,,,,,,,,,,,,,,,,,,,,,,,,
luxury-artificial-vertical-garden-panels-expandable-privacy-fences,,,,,,,,,,,,,,,,,,,,,,,,,,,,,,,,https://cdn.shopify.com/s/files/1/0813/8561/9682/files/WhatsAppImage2026-05-12at6.29.38PM_1_63e15935-1132-49cd-9319-fbe73822ffd5.jpg?v=1778790256,35,"",,,,,,,,,,,,,,,,,,,,,,,,,,,,,
luxury-artificial-vertical-garden-panels-expandable-privacy-fences,,,,,,,,,,,,,,,,,,,,,,,,,,,,,,,,https://cdn.shopify.com/s/files/1/0813/8561/9682/files/WhatsAppImage2026-05-12at6.29.38PM_2_5a8c66cd-e09c-4fcc-bb19-eabb66845b5b.jpg?v=1778790256,36,"",,,,,,,,,,,,,,,,,,,,,,,,,,,,,
luxury-artificial-vertical-garden-panels-expandable-privacy-fences,,,,,,,,,,,,,,,,,,,,,,,,,,,,,,,,https://cdn.shopify.com/s/files/1/0813/8561/9682/files/WhatsAppImage2026-05-12at6.29.38PM_3f65dc3f-12ef-4389-9b0d-c466858601d7.jpg?v=1778790256,37,"",,,,,,,,,,,,,,,,,,,,,,,,,,,,,
luxury-artificial-vertical-garden-panels-expandable-privacy-fences,,,,,,,,,,,,,,,,,,,,,,,,,,,,,,,,https://cdn.shopify.com/s/files/1/0813/8561/9682/files/WhatsAppImage2026-05-12at6.29.39PM_1_37c72815-5c3c-4b41-aec9-4afa8b848f3c.jpg?v=1778790257,38,"",,,,,,,,,,,,,,,,,,,,,,,,,,,,,
luxury-artificial-vertical-garden-panels-expandable-privacy-fences,,,,,,,,,,,,,,,,,,,,,,,,,,,,,,,,https://cdn.shopify.com/s/files/1/0813/8561/9682/files/WhatsAppImage2026-05-12at6.29.39PM_2_70ec2f8e-3ffc-40ae-896f-45dcbc4bcfd2.jpg?v=1778790256,39,"",,,,,,,,,,,,,,,,,,,,,,,,,,,,,
luxury-artificial-vertical-garden-panels-expandable-privacy-fences,,,,,,,,,,,,,,,,,,,,,,,,,,,,,,,,https://cdn.shopify.com/s/files/1/0813/8561/9682/files/WhatsAppImage2026-05-12at6.29.39PM_db2e5a2b-dc7c-4d8a-9c31-ed02f3426750.jpg?v=1778790256,40,"",,,,,,,,,,,,,,,,,,,,,,,,,,,,,
luxury-artificial-vertical-garden-panels-expandable-privacy-fences,,,,,,,,,,,,,,,,,,,,,,,,,,,,,,,,https://cdn.shopify.com/s/files/1/0813/8561/9682/files/WhatsAppImage2026-05-12at6.29.40PM_1_bf95df4e-378a-4adc-b836-082dccf1fea9.jpg?v=1778790256,41,"",,,,,,,,,,,,,,,,,,,,,,,,,,,,,
luxury-artificial-vertical-garden-panels-expandable-privacy-fences,,,,,,,,,,,,,,,,,,,,,,,,,,,,,,,,https://cdn.shopify.com/s/files/1/0813/8561/9682/files/WhatsAppImage2026-05-12at6.29.40PM_2_9f37fbcf-2311-43c6-bcee-0fe15257dd97.jpg?v=1778790256,42,"",,,,,,,,,,,,,,,,,,,,,,,,,,,,,
luxury-artificial-vertical-garden-panels-expandable-privacy-fences,,,,,,,,,,,,,,,,,,,,,,,,,,,,,,,,https://cdn.shopify.com/s/files/1/0813/8561/9682/files/WhatsAppImage2026-05-12at6.29.40PM_3_f3bc1c9a-3e79-44e4-bacc-4fdf8f1fa7aa.jpg?v=1778790257,43,"",,,,,,,,,,,,,,,,,,,,,,,,,,,,,
luxury-artificial-vertical-garden-panels-expandable-privacy-fences,,,,,,,,,,,,,,,,,,,,,,,,,,,,,,,,https://cdn.shopify.com/s/files/1/0813/8561/9682/files/WhatsAppImage2026-05-12at6.29.40PM_3117aeb1-0eee-4164-93f0-ac9babeb6edb.jpg?v=1778790256,44,"",,,,,,,,,,,,,,,,,,,,,,,,,,,,,
luxury-artificial-vertical-garden-panels-expandable-privacy-fences,,,,,,,,,,,,,,,,,,,,,,,,,,,,,,,,https://cdn.shopify.com/s/files/1/0813/8561/9682/files/WhatsAppImage2026-05-12at6.29.41PM_1_13562e5c-22fe-489f-ad25-9267b794918f.jpg?v=1778790256,45,"",,,,,,,,,,,,,,,,,,,,,,,,,,,,,
luxury-artificial-vertical-garden-panels-expandable-privacy-fences,,,,,,,,,,,,,,,,,,,,,,,,,,,,,,,,https://cdn.shopify.com/s/files/1/0813/8561/9682/files/WhatsAppImage2026-05-12at6.29.41PM_2_26b82458-299a-4745-9f9d-a50ec55fbbeb.jpg?v=1778790258,46,"",,,,,,,,,,,,,,,,,,,,,,,,,,,,,
luxury-artificial-vertical-garden-panels-expandable-privacy-fences,,,,,,,,,,,,,,,,,,,,,,,,,,,,,,,,https://cdn.shopify.com/s/files/1/0813/8561/9682/files/WhatsAppImage2026-05-12at6.29.41PM_8c67480d-e3cb-4a22-a9a7-72a31ab49e5d.jpg?v=1778790256,47,"",,,,,,,,,,,,,,,,,,,,,,,,,,,,,
luxury-artificial-vertical-garden-panels-expandable-privacy-fences,,,,,,,,,,,,,,,,,,,,,,,,,,,,,,,,https://cdn.shopify.com/s/files/1/0813/8561/9682/files/WhatsAppImage2026-05-12at6.29.42PM_1_669bea5f-b1d2-4ee5-bb9a-a60f3309d584.jpg?v=1778790256,48,"",,,,,,,,,,,,,,,,,,,,,,,,,,,,,
luxury-artificial-vertical-garden-panels-expandable-privacy-fences,,,,,,,,,,,,,,,,,,,,,,,,,,,,,,,,https://cdn.shopify.com/s/files/1/0813/8561/9682/files/WhatsAppImage2026-05-12at6.29.42PM_2_90be887e-86f5-404f-8bc7-b2a135cac19f.jpg?v=1778790257,49,"",,,,,,,,,,,,,,,,,,,,,,,,,,,,,
luxury-artificial-vertical-garden-panels-expandable-privacy-fences,,,,,,,,,,,,,,,,,,,,,,,,,,,,,,,,https://cdn.shopify.com/s/files/1/0813/8561/9682/files/WhatsAppImage2026-05-12at6.29.42PM_e7099699-2a84-4ae5-beab-2111efbc948e.jpg?v=1778790256,50,"",,,,,,,,,,,,,,,,,,,,,,,,,,,,,
luxury-artificial-vertical-garden-panels-expandable-privacy-fences,,,,,,,,,,,,,,,,,,,,,,,,,,,,,,,,https://cdn.shopify.com/s/files/1/0813/8561/9682/files/WhatsAppImage2026-05-12at6.29.43PM_bb643b0d-61a2-4996-9fdf-013f0093d1a0.jpg?v=1778790256,51,"",,,,,,,,,,,,,,,,,,,,,,,,,,,,,
premium-traditional-artificial-floral-garland-ceremonial-haar-collection,Premium Traditional Artificial Floral Garland & Ceremonial Haar Collection,"",Blossom Art Galleries,Home & Garden > Decor > Wreaths & Garlands > Garlands,"","",true,Celebration type,other,product.metafields.shopify.celebration-type,,,,,,,,0.0,shopify,0,deny,manual,0.00,,true,true,,,,,"",https://cdn.shopify.com/s/files/1/0813/8561/9682/files/WhatsAppImage2026-05-12at6.18.33PM.jpg?v=1778788935,1,"",false,,,,,,other,"",,,,"",,"",,,,,,,,,,,,kg,,,active
premium-traditional-artificial-floral-garland-ceremonial-haar-collection,,,,,,,,,,,,,,,,,,,,,,,,,,,,,,,,https://cdn.shopify.com/s/files/1/0813/8561/9682/files/WhatsAppImage2026-05-12at6.18.35PM_1.jpg?v=1778789017,2,"",,,,,,,,,,,,,,,,,,,,,,,,,,,,,
premium-traditional-artificial-floral-garland-ceremonial-haar-collection,,,,,,,,,,,,,,,,,,,,,,,,,,,,,,,,https://cdn.shopify.com/s/files/1/0813/8561/9682/files/WhatsAppImage2026-05-12at6.18.35PM_2.jpg?v=1778788935,3,"",,,,,,,,,,,,,,,,,,,,,,,,,,,,,
premium-traditional-artificial-floral-garland-ceremonial-haar-collection,,,,,,,,,,,,,,,,,,,,,,,,,,,,,,,,https://cdn.shopify.com/s/files/1/0813/8561/9682/files/WhatsAppImage2026-05-12at6.18.35PM.jpg?v=1778788934,4,"",,,,,,,,,,,,,,,,,,,,,,,,,,,,,
premium-traditional-artificial-floral-garland-ceremonial-haar-collection,,,,,,,,,,,,,,,,,,,,,,,,,,,,,,,,https://cdn.shopify.com/s/files/1/0813/8561/9682/files/WhatsAppImage2026-05-12at6.18.37PM_1.jpg?v=1778788934,5,"",,,,,,,,,,,,,,,,,,,,,,,,,,,,,
premium-traditional-artificial-floral-garland-ceremonial-haar-collection,,,,,,,,,,,,,,,,,,,,,,,,,,,,,,,,https://cdn.shopify.com/s/files/1/0813/8561/9682/files/WhatsAppImage2026-05-12at6.18.37PM_2.jpg?v=1778788934,6,"",,,,,,,,,,,,,,,,,,,,,,,,,,,,,
premium-traditional-artificial-floral-garland-ceremonial-haar-collection,,,,,,,,,,,,,,,,,,,,,,,,,,,,,,,,https://cdn.shopify.com/s/files/1/0813/8561/9682/files/WhatsAppImage2026-05-12at6.18.37PM.jpg?v=1778788934,7,"",,,,,,,,,,,,,,,,,,,,,,,,,,,,,
premium-traditional-artificial-floral-garland-ceremonial-haar-collection,,,,,,,,,,,,,,,,,,,,,,,,,,,,,,,,https://cdn.shopify.com/s/files/1/0813/8561/9682/files/WhatsAppImage2026-05-12at6.18.38PM_1.jpg?v=1778788935,8,"",,,,,,,,,,,,,,,,,,,,,,,,,,,,,
premium-traditional-artificial-floral-garland-ceremonial-haar-collection,,,,,,,,,,,,,,,,,,,,,,,,,,,,,,,,https://cdn.shopify.com/s/files/1/0813/8561/9682/files/WhatsAppImage2026-05-12at6.18.38PM_2.jpg?v=1778788935,9,"",,,,,,,,,,,,,,,,,,,,,,,,,,,,,
premium-traditional-artificial-floral-garland-ceremonial-haar-collection,,,,,,,,,,,,,,,,,,,,,,,,,,,,,,,,https://cdn.shopify.com/s/files/1/0813/8561/9682/files/WhatsAppImage2026-05-12at6.18.38PM.jpg?v=1778788934,10,"",,,,,,,,,,,,,,,,,,,,,,,,,,,,,
premium-traditional-artificial-floral-garland-ceremonial-haar-collection,,,,,,,,,,,,,,,,,,,,,,,,,,,,,,,,https://cdn.shopify.com/s/files/1/0813/8561/9682/files/WhatsAppImage2026-05-12at6.18.39PM_1.jpg?v=1778788934,11,"",,,,,,,,,,,,,,,,,,,,,,,,,,,,,
premium-traditional-artificial-floral-garland-ceremonial-haar-collection,,,,,,,,,,,,,,,,,,,,,,,,,,,,,,,,https://cdn.shopify.com/s/files/1/0813/8561/9682/files/WhatsAppImage2026-05-12at6.18.39PM.jpg?v=1778788935,12,"",,,,,,,,,,,,,,,,,,,,,,,,,,,,,
premium-traditional-artificial-floral-garland-ceremonial-haar-collection,,,,,,,,,,,,,,,,,,,,,,,,,,,,,,,,https://cdn.shopify.com/s/files/1/0813/8561/9682/files/WhatsAppImage2026-05-12at6.18.41PM.jpg?v=1778788934,13,"",,,,,,,,,,,,,,,,,,,,,,,,,,,,,
premium-traditional-artificial-floral-garland-ceremonial-haar-collection,,,,,,,,,,,,,,,,,,,,,,,,,,,,,,,,https://cdn.shopify.com/s/files/1/0813/8561/9682/files/WhatsAppImage2026-05-12at6.18.50PM_1.jpg?v=1778788935,14,"",,,,,,,,,,,,,,,,,,,,,,,,,,,,,
premium-traditional-artificial-floral-garland-ceremonial-haar-collection,,,,,,,,,,,,,,,,,,,,,,,,,,,,,,,,https://cdn.shopify.com/s/files/1/0813/8561/9682/files/WhatsAppImage2026-05-12at6.18.50PM_2.jpg?v=1778788935,15,"",,,,,,,,,,,,,,,,,,,,,,,,,,,,,
premium-traditional-artificial-floral-garland-ceremonial-haar-collection,,,,,,,,,,,,,,,,,,,,,,,,,,,,,,,,https://cdn.shopify.com/s/files/1/0813/8561/9682/files/WhatsAppImage2026-05-12at6.18.50PM.jpg?v=1778789934,16,"",,,,,,,,,,,,,,,,,,,,,,,,,,,,,
premium-traditional-artificial-floral-garland-ceremonial-haar-collection,,,,,,,,,,,,,,,,,,,,,,,,,,,,,,,,https://cdn.shopify.com/s/files/1/0813/8561/9682/files/WhatsAppImage2026-05-12at6.18.51PM_1.jpg?v=1778788934,17,"",,,,,,,,,,,,,,,,,,,,,,,,,,,,,
premium-traditional-artificial-floral-garland-ceremonial-haar-collection,,,,,,,,,,,,,,,,,,,,,,,,,,,,,,,,https://cdn.shopify.com/s/files/1/0813/8561/9682/files/WhatsAppImage2026-05-12at6.18.51PM_2.jpg?v=1778788935,18,"",,,,,,,,,,,,,,,,,,,,,,,,,,,,,
premium-traditional-artificial-floral-garland-ceremonial-haar-collection,,,,,,,,,,,,,,,,,,,,,,,,,,,,,,,,https://cdn.shopify.com/s/files/1/0813/8561/9682/files/WhatsAppImage2026-05-12at6.18.51PM.jpg?v=1778788935,19,"",,,,,,,,,,,,,,,,,,,,,,,,,,,,,
premium-traditional-artificial-floral-garland-ceremonial-haar-collection,,,,,,,,,,,,,,,,,,,,,,,,,,,,,,,,https://cdn.shopify.com/s/files/1/0813/8561/9682/files/WhatsAppImage2026-05-12at6.18.52PM_1.jpg?v=1778788935,20,"",,,,,,,,,,,,,,,,,,,,,,,,,,,,,
premium-traditional-artificial-floral-garland-ceremonial-haar-collection,,,,,,,,,,,,,,,,,,,,,,,,,,,,,,,,https://cdn.shopify.com/s/files/1/0813/8561/9682/files/WhatsAppImage2026-05-12at6.18.52PM_2.jpg?v=1778788935,21,"",,,,,,,,,,,,,,,,,,,,,,,,,,,,,
premium-traditional-artificial-floral-garland-ceremonial-haar-collection,,,,,,,,,,,,,,,,,,,,,,,,,,,,,,,,https://cdn.shopify.com/s/files/1/0813/8561/9682/files/WhatsAppImage2026-05-12at6.18.52PM.jpg?v=1778788934,22,"",,,,,,,,,,,,,,,,,,,,,,,,,,,,,
premium-traditional-artificial-floral-garland-ceremonial-haar-collection,,,,,,,,,,,,,,,,,,,,,,,,,,,,,,,,https://cdn.shopify.com/s/files/1/0813/8561/9682/files/WhatsAppImage2026-05-12at6.18.53PM_1.jpg?v=1778788934,23,"",,,,,,,,,,,,,,,,,,,,,,,,,,,,,
premium-traditional-artificial-floral-garland-ceremonial-haar-collection,,,,,,,,,,,,,,,,,,,,,,,,,,,,,,,,https://cdn.shopify.com/s/files/1/0813/8561/9682/files/WhatsAppImage2026-05-12at6.18.53PM_2.jpg?v=1778788935,24,"",,,,,,,,,,,,,,,,,,,,,,,,,,,,,
premium-traditional-artificial-floral-garland-ceremonial-haar-collection,,,,,,,,,,,,,,,,,,,,,,,,,,,,,,,,https://cdn.shopify.com/s/files/1/0813/8561/9682/files/WhatsAppImage2026-05-12at6.18.53PM.jpg?v=1778788936,25,"",,,,,,,,,,,,,,,,,,,,,,,,,,,,,
premium-traditional-artificial-floral-garland-ceremonial-haar-collection,,,,,,,,,,,,,,,,,,,,,,,,,,,,,,,,https://cdn.shopify.com/s/files/1/0813/8561/9682/files/WhatsAppImage2026-05-12at6.18.54PM_1.jpg?v=1778788935,26,"",,,,,,,,,,,,,,,,,,,,,,,,,,,,,
premium-traditional-artificial-floral-garland-ceremonial-haar-collection,,,,,,,,,,,,,,,,,,,,,,,,,,,,,,,,https://cdn.shopify.com/s/files/1/0813/8561/9682/files/WhatsAppImage2026-05-12at6.18.54PM_2.jpg?v=1778788935,27,"",,,,,,,,,,,,,,,,,,,,,,,,,,,,,
premium-traditional-artificial-floral-garland-ceremonial-haar-collection,,,,,,,,,,,,,,,,,,,,,,,,,,,,,,,,https://cdn.shopify.com/s/files/1/0813/8561/9682/files/WhatsAppImage2026-05-12at6.18.54PM.jpg?v=1778788934,28,"",,,,,,,,,,,,,,,,,,,,,,,,,,,,,
premium-traditional-artificial-floral-garland-ceremonial-haar-collection,,,,,,,,,,,,,,,,,,,,,,,,,,,,,,,,https://cdn.shopify.com/s/files/1/0813/8561/9682/files/WhatsAppImage2026-05-12at6.18.55PM_1.jpg?v=1778788935,29,"",,,,,,,,,,,,,,,,,,,,,,,,,,,,,
premium-traditional-artificial-floral-garland-ceremonial-haar-collection,,,,,,,,,,,,,,,,,,,,,,,,,,,,,,,,https://cdn.shopify.com/s/files/1/0813/8561/9682/files/WhatsAppImage2026-05-12at6.18.55PM_2.jpg?v=1778788934,30,"",,,,,,,,,,,,,,,,,,,,,,,,,,,,,
premium-traditional-artificial-floral-garland-ceremonial-haar-collection,,,,,,,,,,,,,,,,,,,,,,,,,,,,,,,,https://cdn.shopify.com/s/files/1/0813/8561/9682/files/WhatsAppImage2026-05-12at6.18.55PM.jpg?v=1778788934,31,"",,,,,,,,,,,,,,,,,,,,,,,,,,,,,
premium-traditional-artificial-floral-garland-ceremonial-haar-collection,,,,,,,,,,,,,,,,,,,,,,,,,,,,,,,,https://cdn.shopify.com/s/files/1/0813/8561/9682/files/WhatsAppImage2026-05-12at6.18.56PM_1.jpg?v=1778788934,32,"",,,,,,,,,,,,,,,,,,,,,,,,,,,,,
premium-traditional-artificial-floral-garland-ceremonial-haar-collection,,,,,,,,,,,,,,,,,,,,,,,,,,,,,,,,https://cdn.shopify.com/s/files/1/0813/8561/9682/files/WhatsAppImage2026-05-12at6.18.56PM_2.jpg?v=1778788935,33,"",,,,,,,,,,,,,,,,,,,,,,,,,,,,,
premium-traditional-artificial-floral-garland-ceremonial-haar-collection,,,,,,,,,,,,,,,,,,,,,,,,,,,,,,,,https://cdn.shopify.com/s/files/1/0813/8561/9682/files/WhatsAppImage2026-05-12at6.18.56PM_3.jpg?v=1778788934,34,"",,,,,,,,,,,,,,,,,,,,,,,,,,,,,
premium-traditional-artificial-floral-garland-ceremonial-haar-collection,,,,,,,,,,,,,,,,,,,,,,,,,,,,,,,,https://cdn.shopify.com/s/files/1/0813/8561/9682/files/WhatsAppImage2026-05-12at6.18.56PM.jpg?v=1778788935,35,"",,,,,,,,,,,,,,,,,,,,,,,,,,,,,
premium-traditional-artificial-floral-garland-ceremonial-haar-collection,,,,,,,,,,,,,,,,,,,,,,,,,,,,,,,,https://cdn.shopify.com/s/files/1/0813/8561/9682/files/WhatsAppImage2026-05-12at6.18.57PM_1.jpg?v=1778788935,36,"",,,,,,,,,,,,,,,,,,,,,,,,,,,,,
premium-traditional-artificial-floral-garland-ceremonial-haar-collection,,,,,,,,,,,,,,,,,,,,,,,,,,,,,,,,https://cdn.shopify.com/s/files/1/0813/8561/9682/files/WhatsAppImage2026-05-12at6.18.57PM_2.jpg?v=1778788934,37,"",,,,,,,,,,,,,,,,,,,,,,,,,,,,,
premium-traditional-artificial-floral-garland-ceremonial-haar-collection,,,,,,,,,,,,,,,,,,,,,,,,,,,,,,,,https://cdn.shopify.com/s/files/1/0813/8561/9682/files/WhatsAppImage2026-05-12at6.18.57PM.jpg?v=1778788935,38,"",,,,,,,,,,,,,,,,,,,,,,,,,,,,,
premium-traditional-artificial-floral-garland-ceremonial-haar-collection,,,,,,,,,,,,,,,,,,,,,,,,,,,,,,,,https://cdn.shopify.com/s/files/1/0813/8561/9682/files/WhatsAppImage2026-05-12at6.18.58PM_1.jpg?v=1778788935,39,"",,,,,,,,,,,,,,,,,,,,,,,,,,,,,
premium-traditional-artificial-floral-garland-ceremonial-haar-collection,,,,,,,,,,,,,,,,,,,,,,,,,,,,,,,,https://cdn.shopify.com/s/files/1/0813/8561/9682/files/WhatsAppImage2026-05-12at6.18.58PM.jpg?v=1778788935,40,"",,,,,,,,,,,,,,,,,,,,,,,,,,,,,
premium-traditional-artificial-floral-garland-ceremonial-haar-collection,,,,,,,,,,,,,,,,,,,,,,,,,,,,,,,,https://cdn.shopify.com/s/files/1/0813/8561/9682/files/WhatsAppImage2026-05-12at6.18.59PM.jpg?v=1778788934,41,"",,,,,,,,,,,,,,,,,,,,,,,,,,,,,
premium-traditional-artificial-floral-garland-ceremonial-haar-collection,,,,,,,,,,,,,,,,,,,,,,,,,,,,,,,,https://cdn.shopify.com/s/files/1/0813/8561/9682/files/WhatsAppImage2026-05-12at6.19.00PM.jpg?v=1778788935,42,"",,,,,,,,,,,,,,,,,,,,,,,,,,,,,
premium-traditional-artificial-floral-garland-ceremonial-haar-collection,,,,,,,,,,,,,,,,,,,,,,,,,,,,,,,,https://cdn.shopify.com/s/files/1/0813/8561/9682/files/WhatsAppImage2026-05-12at6.19.01PM_1.jpg?v=1778788937,43,"",,,,,,,,,,,,,,,,,,,,,,,,,,,,,
premium-traditional-artificial-floral-garland-ceremonial-haar-collection,,,,,,,,,,,,,,,,,,,,,,,,,,,,,,,,https://cdn.shopify.com/s/files/1/0813/8561/9682/files/WhatsAppImage2026-05-12at6.19.01PM_2.jpg?v=1778788934,44,"",,,,,,,,,,,,,,,,,,,,,,,,,,,,,
premium-traditional-artificial-floral-garland-ceremonial-haar-collection,,,,,,,,,,,,,,,,,,,,,,,,,,,,,,,,https://cdn.shopify.com/s/files/1/0813/8561/9682/files/WhatsAppImage2026-05-12at6.19.01PM.jpg?v=1778788935,45,"",,,,,,,,,,,,,,,,,,,,,,,,,,,,,
premium-traditional-artificial-floral-garland-ceremonial-haar-collection,,,,,,,,,,,,,,,,,,,,,,,,,,,,,,,,https://cdn.shopify.com/s/files/1/0813/8561/9682/files/WhatsAppImage2026-05-12at6.19.02PM_1.jpg?v=1778788934,46,"",,,,,,,,,,,,,,,,,,,,,,,,,,,,,
premium-traditional-artificial-floral-garland-ceremonial-haar-collection,,,,,,,,,,,,,,,,,,,,,,,,,,,,,,,,https://cdn.shopify.com/s/files/1/0813/8561/9682/files/WhatsAppImage2026-05-12at6.19.02PM_2.jpg?v=1778788934,47,"",,,,,,,,,,,,,,,,,,,,,,,,,,,,,
premium-traditional-artificial-floral-garland-ceremonial-haar-collection,,,,,,,,,,,,,,,,,,,,,,,,,,,,,,,,https://cdn.shopify.com/s/files/1/0813/8561/9682/files/WhatsAppImage2026-05-12at6.19.02PM_3.jpg?v=1778788934,48,"",,,,,,,,,,,,,,,,,,,,,,,,,,,,,
premium-traditional-artificial-floral-garland-ceremonial-haar-collection,,,,,,,,,,,,,,,,,,,,,,,,,,,,,,,,https://cdn.shopify.com/s/files/1/0813/8561/9682/files/WhatsAppImage2026-05-12at6.19.02PM.jpg?v=1778788934,49,"",,,,,,,,,,,,,,,,,,,,,,,,,,,,,
premium-traditional-artificial-floral-garland-ceremonial-haar-collection,,,,,,,,,,,,,,,,,,,,,,,,,,,,,,,,https://cdn.shopify.com/s/files/1/0813/8561/9682/files/WhatsAppImage2026-05-12at6.19.03PM_1.jpg?v=1778788935,50,"",,,,,,,,,,,,,,,,,,,,,,,,,,,,,
premium-traditional-artificial-floral-garland-ceremonial-haar-collection,,,,,,,,,,,,,,,,,,,,,,,,,,,,,,,,https://cdn.shopify.com/s/files/1/0813/8561/9682/files/WhatsAppImage2026-05-12at6.19.03PM_2.jpg?v=1778788935,51,"",,,,,,,,,,,,,,,,,,,,,,,,,,,,,
premium-traditional-artificial-floral-garland-ceremonial-haar-collection,,,,,,,,,,,,,,,,,,,,,,,,,,,,,,,,https://cdn.shopify.com/s/files/1/0813/8561/9682/files/WhatsAppImage2026-05-12at6.19.03PM.jpg?v=1778788934,52,"",,,,,,,,,,,,,,,,,,,,,,,,,,,,,
premium-traditional-artificial-floral-garland-ceremonial-haar-collection,,,,,,,,,,,,,,,,,,,,,,,,,,,,,,,,https://cdn.shopify.com/s/files/1/0813/8561/9682/files/WhatsAppImage2026-05-12at6.19.04PM_1.jpg?v=1778788935,53,"",,,,,,,,,,,,,,,,,,,,,,,,,,,,,
premium-traditional-artificial-floral-garland-ceremonial-haar-collection,,,,,,,,,,,,,,,,,,,,,,,,,,,,,,,,https://cdn.shopify.com/s/files/1/0813/8561/9682/files/WhatsAppImage2026-05-12at6.19.04PM_2.jpg?v=1778788935,54,"",,,,,,,,,,,,,,,,,,,,,,,,,,,,,
premium-traditional-artificial-floral-garland-ceremonial-haar-collection,,,,,,,,,,,,,,,,,,,,,,,,,,,,,,,,https://cdn.shopify.com/s/files/1/0813/8561/9682/files/WhatsAppImage2026-05-12at6.19.04PM.jpg?v=1778788935,55,"",,,,,,,,,,,,,,,,,,,,,,,,,,,,,
premium-traditional-artificial-floral-garland-ceremonial-haar-collection,,,,,,,,,,,,,,,,,,,,,,,,,,,,,,,,https://cdn.shopify.com/s/files/1/0813/8561/9682/files/WhatsAppImage2026-05-12at6.19.05PM_1.jpg?v=1778788935,56,"",,,,,,,,,,,,,,,,,,,,,,,,,,,,,
premium-traditional-artificial-floral-garland-ceremonial-haar-collection,,,,,,,,,,,,,,,,,,,,,,,,,,,,,,,,https://cdn.shopify.com/s/files/1/0813/8561/9682/files/WhatsAppImage2026-05-12at6.19.05PM_2.jpg?v=1778788934,57,"",,,,,,,,,,,,,,,,,,,,,,,,,,,,,
premium-traditional-artificial-floral-garland-ceremonial-haar-collection,,,,,,,,,,,,,,,,,,,,,,,,,,,,,,,,https://cdn.shopify.com/s/files/1/0813/8561/9682/files/WhatsAppImage2026-05-12at6.19.05PM.jpg?v=1778788934,58,"",,,,,,,,,,,,,,,,,,,,,,,,,,,,,
premium-traditional-artificial-floral-garland-ceremonial-haar-collection,,,,,,,,,,,,,,,,,,,,,,,,,,,,,,,,https://cdn.shopify.com/s/files/1/0813/8561/9682/files/WhatsAppImage2026-05-12at6.19.06PM_1.jpg?v=1778788935,59,"",,,,,,,,,,,,,,,,,,,,,,,,,,,,,
premium-traditional-artificial-floral-garland-ceremonial-haar-collection,,,,,,,,,,,,,,,,,,,,,,,,,,,,,,,,https://cdn.shopify.com/s/files/1/0813/8561/9682/files/WhatsAppImage2026-05-12at6.19.06PM_2.jpg?v=1778788935,60,"",,,,,,,,,,,,,,,,,,,,,,,,,,,,,
premium-traditional-artificial-floral-garland-ceremonial-haar-collection,,,,,,,,,,,,,,,,,,,,,,,,,,,,,,,,https://cdn.shopify.com/s/files/1/0813/8561/9682/files/WhatsAppImage2026-05-12at6.19.06PM.jpg?v=1778788937,61,"",,,,,,,,,,,,,,,,,,,,,,,,,,,,,
premium-traditional-artificial-floral-garland-ceremonial-haar-collection,,,,,,,,,,,,,,,,,,,,,,,,,,,,,,,,https://cdn.shopify.com/s/files/1/0813/8561/9682/files/WhatsAppImage2026-05-12at6.19.07PM.jpg?v=1778788935,62,"",,,,,,,,,,,,,,,,,,,,,,,,,,,,,
premium-artificial-flower-heads-for-diy-decor-crafts,Premium Artificial Flower Heads for DIY Decor & Crafts,"This collection features high-quality, stemless artificial flower heads designed for versatile decorative use across weddings, events, crafts, and home interiors.

Punji / Pom-Pom Series (FB-2715): Voluminous, multi-layered heads with a full, textured appearance perfect for creating impact in arrangements. Available in diverse colors including Aqua, Magenta, and Peach, these blooms work beautifully in garlands, backdrop installations, and statement centerpieces.

Classic Open-Bloom Rose (FB-2730): Elegant, realistic roses crafted to capture the natural beauty of fresh blooms. Soft tones like Sky Blue, Lavender, and White offer sophisticated color options for weddings, anniversaries, and premium event styling.

Textured Carnations: High-volume ruffled heads in vibrant shades and metallic Gold. The intricate layering and rich color palette make these ideal for adding depth and dimension to floral displays, bouquets, and decorative installations.

Specialty Items: Includes glitter-infused crimson roses that catch light beautifully and dramatic dark-edged crimson blooms for bold, artistic arrangements. These statement pieces elevate any design concept.

Ideal for: Wedding centerpieces, event décor, garment embellishments, hair accessories, festive garlands, DIY craft projects, and interior styling. Each flower head is designed to maintain its shape and color, offering long-lasting beauty without the maintenance of fresh flowers.

Perfect for florists, event planners, craft enthusiasts, and anyone seeking premium artificial florals that combine realism with creative flexibility.",Blossom Art Galleries,Home & Garden > Decor > Artificial Flora > Artificial Flowering Plants,Artificial Flower Heads,"Artificial Flowers, DIY Crafts, Flower Heads, Wedding DIY",true,Color,multicolor,product.metafields.shopify.color-pattern,,,,,,,,0.0,shopify,100,deny,manual,0.00,,true,true,,,,,"",https://cdn.shopify.com/s/files/1/0813/8561/9682/files/Specialty_Decorative_Rose_Heads.jpg?v=1778788510,1,Features subtle shimmering glitter on deep red fabric petals for a luxe finish.,false,,,,,,,multicolor; red,plastic,,,,,,,,artificial,,,,,,,,https://cdn.shopify.com/s/files/1/0813/8561/9682/files/Specialty_Decorative_Rose_Heads.jpg?v=1778788510,kg,,,active
premium-artificial-flower-heads-for-diy-decor-crafts,,,,,,,,,red,,,,,,,,,0.0,shopify,100,deny,manual,0.00,,true,true,,,,,"",https://cdn.shopify.com/s/files/1/0813/8561/9682/files/Classic_Open-Bloom_Rose_Series_FB-2730.jpg?v=1778788219,2,"Elegant, fully opened roses with natural-looking petal curls and green sepal accents.",,,,,,,,,,,,,,,,,,,,,,,,,https://cdn.shopify.com/s/files/1/0813/8561/9682/files/Classic_Open-Bloom_Rose_Series_FB-2730.jpg?v=1778788219,kg,,,
premium-artificial-flower-heads-for-diy-decor-crafts,,,,,,,,,,,,,,,,,,,,,,,,,,,,,,,,https://cdn.shopify.com/s/files/1/0813/8561/9682/files/Punji_Pom-Pom_Series_FB-2715.jpg?v=1778788129,3,"Dense, multi-layered petals creating a full, rounded pom-pom effect.",,,,,,,,,,,,,,,,,,,,,,,,,,,,,
premium-artificial-flower-heads-for-diy-decor-crafts,,,,,,,,,,,,,,,,,,,,,,,,,,,,,,,,https://cdn.shopify.com/s/files/1/0813/8561/9682/files/Specialty_Velvet_Glitter_Roses.jpg?v=1778788310,4,Features subtle shimmering glitter on deep red fabric petals for a luxe finish.,,,,,,,,,,,,,,,,,,,,,,,,,,,,,
luxury-artificial-floral-runners-stage-borders,Luxury Artificial Floral Runners & Stage Borders,"Elevate your event spaces with our Luxury Artificial Floral Runners &amp; Stage Borders—the ultimate choice for premium venues, weddings, corporate galas, and high-end interior displays. Each runner is meticulously handcrafted to deliver sophisticated elegance without compromise.

Our collection features six stunning signature designs, each curated to complement diverse aesthetic visions. Choose from Romantic Blush for intimate celebrations, Wild Greenery for natural sophistication, Azure Sky for contemporary elegance, Timeless Ivory for classic refinement, Golden Radiance for opulent affairs, and Sunset Warmth for warm, inviting atmospheres.

Constructed from premium silk and high-quality fabric, these runners combine lifelike botanical beauty with exceptional durability. The flexible base design ensures versatility—use them as luxurious table runners to frame your dining experience, dramatic aisle borders to guide guests through memorable moments, or striking stage decorations to create a captivating backdrop for ceremonies and performances.

Unlike fresh florals, our artificial runners require zero maintenance, never wilt, and maintain their pristine appearance throughout multi-day events. They're lightweight yet substantial, easy to transport, and designed to withstand repeated use across seasons and venues.

Perfect for wedding planners, event designers, hospitality professionals, and luxury home decorators, these runners transform ordinary spaces into extraordinary experiences. Each piece reflects our commitment to premium craftsmanship and attention to detail—hallmarks of Blossom Art Galleries' artificial floral collection.

The complete set includes all six signature designs (FR-2026-PNK, FR-2026-WGR, FR-2026-BLU, FR-2026-WHT, FR-2026-GLD, FR-2026-SUN), offering unmatched flexibility for diverse event themes and seasonal rotations.

Invest in timeless beauty that endures. Transform your vision into reality with runners that combine luxury aesthetics with practical longevity.",Blossom Art Galleries,Home & Garden > Decor > Artificial Flora > Artificial Flowering Plants,Artificial Floral Runners,"Artificial Flowers, Floral Decor, Floral Runner, Luxury Events, Stage Border, Table Decor, Wedding Decor",true,Color,romantic-blush,product.metafields.shopify.color-pattern,,,,,,,,0.0,shopify,100,deny,manual,0.00,,true,true,,,,,"",https://cdn.shopify.com/s/files/1/0813/8561/9682/files/Blush_Rose_Mixed_Foliage_Runner.jpg?v=1778786696,1,"A lush, romantic mix of peach and pink roses nestled in varied green foliage with delicate white filler flowers.",false,,,,,other,,romantic-blush; wild-meadow; cool-azure; classic-white; golden-peony-luxe; sunset-garden,silk; fabric,,,,,,,,artificial,cool-azure,,,,,,,https://cdn.shopify.com/s/files/1/0813/8561/9682/files/Blush_Rose_Mixed_Foliage_Runner.jpg?v=1778786696,kg,,,active
luxury-artificial-floral-runners-stage-borders,,,,,,,,,wild-meadow,,,,,,,,,0.0,shopify,100,deny,manual,0.00,,true,true,,,,,"",https://cdn.shopify.com/s/files/1/0813/8561/9682/files/Wild_Meadow_Greenery_Runner.jpg?v=1778786757,2,"A dense, high-volume arrangement primarily consisting of white baby’s breath and textured green sprigs, creating a natural meadow look.",,,,,,,,,,,,,,,,,,,,,,,,,https://cdn.shopify.com/s/files/1/0813/8561/9682/files/Wild_Meadow_Greenery_Runner.jpg?v=1778786757,kg,,,
luxury-artificial-floral-runners-stage-borders,,,,,,,,,cool-azure,,,,,,,,,0.0,shopify,100,deny,manual,0.00,,true,true,,,,,"",https://cdn.shopify.com/s/files/1/0813/8561/9682/files/Cool_Breeze_Hydrangea_Lily_Runner.jpg?v=1778786833,3,"vibrant, eye-catching combination of sky blue and white hydrangeas accented with striking pink lilies and elongated white leaf accents.",,,,,,,,,,,,,,,,,,,,,,,,,https://cdn.shopify.com/s/files/1/0813/8561/9682/files/Cool_Breeze_Hydrangea_Lily_Runner.jpg?v=1778786833,kg,,,
luxury-artificial-floral-runners-stage-borders,,,,,,,,,classic-white,,,,,,,,,0.0,shopify,100,deny,manual,0.00,,true,true,,,,,"",https://cdn.shopify.com/s/files/1/0813/8561/9682/files/Classic_White_Rose_Eucalyptus_Runner.jpg?v=1778786989,4,"Timeless pure white roses paired with silver-dollar eucalyptus and deep green leaves for a sophisticated, clean aesthetic.",,,,,,,,,,,,,,,,,,,,,,,,,https://cdn.shopify.com/s/files/1/0813/8561/9682/files/Classic_White_Rose_Eucalyptus_Runner.jpg?v=1778786989,kg,,,
luxury-artificial-floral-runners-stage-borders,,,,,,,,,golden-peony-luxe,,,,,,,,,0.0,shopify,100,deny,manual,0.00,,true,true,,,,,"",https://cdn.shopify.com/s/files/1/0813/8561/9682/files/Golden_Oasis_Peony_Runner.jpg?v=1778787075,5,"A rich, multi-tonal arrangement of pink and burgundy peonies, white roses, and shimmering golden palm leaves.",,,,,,,,,,,,,,,,,,,,,,,,,https://cdn.shopify.com/s/files/1/0813/8561/9682/files/Golden_Oasis_Peony_Runner.jpg?v=1778787075,kg,,,
luxury-artificial-floral-runners-stage-borders,,,,,,,,,sunset-garden,,,,,,,,,0.0,shopify,100,deny,manual,0.00,,true,true,,,,,"",https://cdn.shopify.com/s/files/1/0813/8561/9682/files/Sunset_Rose_Garden_Runner.jpg?v=1778787144,6,"A dense concentration of roses in varying shades of hot pink, soft pink, and peach, balanced with dark green foliage.",,,,,,,,,,,,,,,,,,,,,,,,,https://cdn.shopify.com/s/files/1/0813/8561/9682/files/Sunset_Rose_Garden_Runner.jpg?v=1778787144,kg,,,
traditional-artificial-marigold-jasmine-festive-toran-set,Traditional Artificial Marigold & Jasmine Festive Toran Set,"Premium handcrafted artificial marigold (Genda) and jasmine (Mogra) festive door hangings. Features traditional tiered designs, V-shape patterns, and decorative golden bell accents. Durable and vibrant colors suitable for Diwali, weddings, and home entrance decor. Set includes three distinct traditional styles as shown in product media.

Each toran in this collection is meticulously crafted to capture the authentic beauty of fresh florals while offering lasting durability. The lifelike marigold blooms and delicate jasmine flowers are rendered in rich, fade-resistant colors that maintain their vibrancy through seasons of display. Golden bell embellishments add an elegant finishing touch, enhancing the festive appeal of your entrance.

Perfect for creating an inviting threshold during major celebrations, these torans work beautifully for Diwali festivities, wedding season decor, temple entrances, and year-round home beautification. The traditional designs honor cultural aesthetics while the premium artificial construction ensures they withstand humidity, dust, and sunlight without wilting or fading.

The set's three distinct styles offer flexibility—display them individually across different doorways or combine them for a layered, abundant look. Installation is simple with sturdy hanging loops, making them ideal for both temporary festive displays and permanent entrance decor.

Whether you're decorating a residential entrance, event venue, or commercial space, these artificial torans deliver the warmth and auspiciousness of traditional florals without the maintenance demands of fresh flowers. They're an investment in timeless decor that celebrates cultural heritage while providing practical, long-lasting beauty for your interiors.",Blossom Art Galleries,Home & Garden > Decor > Wreaths & Garlands > Garlands,Festive Torans,"Diwali Decoration, Door Hanging, Festive Garland, Indian Wedding Decor, Marigold Toran",true,Garland style,bell-drop-arch,product.metafields.shopify.garland-style,,,,,,,,0.0,shopify,100,deny,manual,0.00,,true,true,,,,,"",https://cdn.shopify.com/s/files/1/0813/8561/9682/files/Curtain_Style_Toran.jpg?v=1778785699,1,Multi-strand vertical hanging with large golden bell bases.,false,,,,,,wedding,floral; geometric,,,,bell-drop-arch; v-shape-pattern; tiered-marigold,non-illuminated,plastic; metal,,,artificial,,,rectangular,,,indoors,holidays,https://cdn.shopify.com/s/files/1/0813/8561/9682/files/Curtain_Style_Toran.jpg?v=1778785699,kg,,,active
traditional-artificial-marigold-jasmine-festive-toran-set,,,,,,,,,v-shape-pattern,,,,,,,,,0.0,shopify,100,deny,manual,0.00,,true,true,,,,,"",https://cdn.shopify.com/s/files/1/0813/8561/9682/files/V-Shape_Garland.jpg?v=1778785568,2,Traditional V-shaped garland with dense yellow marigold and white floral patterns.,,,,,,,,,,,,,,,,,,,,,,,,,https://cdn.shopify.com/s/files/1/0813/8561/9682/files/V-Shape_Garland.jpg?v=1778785568,kg,,,
traditional-artificial-marigold-jasmine-festive-toran-set,,,,,,,,,tiered-marigold,,,,,,,,,0.0,shopify,100,deny,manual,0.00,,true,true,,,,,"",https://cdn.shopify.com/s/files/1/0813/8561/9682/files/Jasmine_Drop_Toran.jpg?v=1778785202,3,Marigold top border with long hanging jasmine (Mogra) white strands.,,,,,,,,,,,,,,,,,,,,,,,,,https://cdn.shopify.com/s/files/1/0813/8561/9682/files/Jasmine_Drop_Toran.jpg?v=1778785202,kg,,,
premium-artificial-floral-stems-decorative-branches,Premium Artificial Floral Stems & Decorative Branches,"<p>A curated collection of premium artificial floral stems designed to elevate any interior space or event setting. This exclusive range features meticulously crafted sunflowers, velvet roses, lotus blooms, and decorative cherry blossom branches that capture the natural beauty and elegance of fresh florals without the maintenance. Each stem is handcrafted with exceptional attention to detail, showcasing realistic textures, lifelike petal formations, and vibrant colors that remain vivid and fade-resistant year-round. The premium quality ensures these pieces maintain their aesthetic appeal through countless displays and seasonal rotations. Versatile and sophisticated, these stems are ideal for floor vases, tall arrangements, event centerpieces, wedding floral installations, and luxury home décor. Mix and match across our collection to create custom arrangements that suit any occasion—from intimate gatherings to grand celebrations. Available models: FB-2916, FB-2918, FB-2920, FB-2921, and FB-2923. Each model offers distinct botanical character, allowing you to build layered, dynamic displays with depth and visual interest. Perfect for interior designers, event planners, and discerning homeowners seeking premium artificial florals that deliver lasting beauty without wilting, watering, or seasonal replacement.</p>A curated collection of premium artificial floral stems designed to elevate any interior space or event setting. This exclusive range features meticulously crafted sunflowers, velvet roses, lotus blooms, and decorative cherry blossom branches that capture the natural beauty and elegance of fresh florals without the maintenance.

Each stem is handcrafted with exceptional attention to detail, showcasing realistic textures, lifelike petal formations, and vibrant colors that remain vivid and fade-resistant year-round. The premium quality ensures these pieces maintain their aesthetic appeal through countless displays and seasonal rotations.

Versatile and sophisticated, these stems are ideal for floor vases, tall arrangements, event centerpieces, wedding floral installations, and luxury home décor. Mix and match across our collection to create custom arrangements that suit any occasion—from intimate gatherings to grand celebrations.

Available models: FB-2916, FB-2918, FB-2920, FB-2921, and FB-2923. Each model offers distinct botanical character, allowing you to build layered, dynamic displays with depth and visual interest.

Perfect for interior designers, event planners, and discerning homeowners seeking premium artificial florals that deliver lasting beauty without wilting, watering, or seasonal replacement.

Why Choose Our Floral Stems: Unlike mass-produced alternatives, our collection combines botanical authenticity with durability. Each piece is engineered to withstand temperature fluctuations, humidity, and UV exposure, making them suitable for both indoor displays and covered outdoor installations. The non-toxic materials ensure safety in homes with children and pets.

Styling Flexibility: Create monochromatic arrangements for modern minimalist interiors, or blend",Blossom Art Galleries,Home & Garden > Decor > Artificial Flora > Artificial Flowering Plants,Artificial Floral Stems,"Cherry Blossom, elvet Rose, Event Flowers, Lotus, Sunflowers",true,Plant name,sunflower-2,product.metafields.shopify.plant-name,,,,,,,,0.0,shopify,200,deny,manual,0.00,,true,true,,,,,"",https://cdn.shopify.com/s/files/1/0813/8561/9682/files/Sunflower_Multi-Head_..jpg?v=1778782022,1,"Large, vibrant yellow multi-head sunflower stem with detailed green leaves.",false,,,,,other; box-2,,yellow; pink; red; white; blue,plastic,,,,,,,,artificial,sunflower-2; rose-2; cherry-2; decorative; sunflower-triple-head; lotus-stem-with-bud; lotus-bud-collection; cherry-blossom-clusters; larkspur-delphinium-spikes; pampas-dried-effect-stems,,,long,living-room; dining-room; entrance,,,https://cdn.shopify.com/s/files/1/0813/8561/9682/files/Sunflower_Multi-Head_..jpg?v=1778782022,kg,,,active
premium-artificial-floral-stems-decorative-branches,,,,,,,,,rose-2,,,,,,,,,0.0,shopify,200,deny,manual,0.00,,true,true,,,,,"",https://cdn.shopify.com/s/files/1/0813/8561/9682/files/Velvet_Rose.jpg?v=1778781198,2,Deep burgundy/maroon multi-bloom rose stem with a rich velvet texture.,,,,,,,,,,,,,,,,,,,,,,,,,https://cdn.shopify.com/s/files/1/0813/8561/9682/files/Velvet_Rose.jpg?v=1778781198,kg,,,
premium-artificial-floral-stems-decorative-branches,,,,,,,,,cherry-2,,,,,,,,,0.0,shopify,200,deny,manual,0.00,,true,true,,,,,"",https://cdn.shopify.com/s/files/1/0813/8561/9682/files/Cherry_Blossom_Stems.jpg?v=1778782176,3,"Elegant vertical branches featuring small, delicate cherry blossom flowers.",,,,,,,,,,,,,,,,,,,,,,,,,https://cdn.shopify.com/s/files/1/0813/8561/9682/files/Cherry_Blossom_Stems.jpg?v=1778782176,kg,,,
premium-artificial-floral-stems-decorative-branches,,,,,,,,,decorative,,,,,,,,,0.0,shopify,200,deny,manual,0.00,,true,true,,,,,"",https://cdn.shopify.com/s/files/1/0813/8561/9682/files/Decorative_Hanging_Strands.jpg?v=1778781374,4,"Dense hanging floral strands with large petals, ideal for ceiling or wall decor.",,,,,,,,,,,,,,,,,,,,,,,,,https://cdn.shopify.com/s/files/1/0813/8561/9682/files/Decorative_Hanging_Strands.jpg?v=1778781374,kg,,,
premium-artificial-floral-stems-decorative-branches,,,,,,,,,sunflower-triple-head,,,,,,,,,0.0,shopify,200,deny,manual,0.00,,true,true,,,,,"",https://cdn.shopify.com/s/files/1/0813/8561/9682/files/Sunflower_Multi-Head.jpg?v=1778781069,5,"Large, vibrant yellow multi-head sunflower stem with detailed green leaves.",,,,,,,,,,,,,,,,,,,,,,,,,https://cdn.shopify.com/s/files/1/0813/8561/9682/files/Sunflower_Multi-Head.jpg?v=1778781069,kg,,,
premium-artificial-floral-stems-decorative-branches,,,,,,,,,lotus-stem-with-bud,,,,,,,,,0.0,shopify,200,deny,manual,0.00,,true,true,,,,,"",https://cdn.shopify.com/s/files/1/0813/8561/9682/files/Lotus_Stem.jpg?v=1778781129,6,Elegant pink lotus stem featuring two open blooms and one realistic bud.,,,,,,,,,,,,,,,,,,,,,,,,,https://cdn.shopify.com/s/files/1/0813/8561/9682/files/Lotus_Stem..jpg?v=1778782101,kg,,,
premium-artificial-floral-stems-decorative-branches,,,,,,,,,lotus-bud-collection,,,,,,,,,0.0,shopify,200,deny,manual,0.00,,true,true,,,,,"",https://cdn.shopify.com/s/files/1/0813/8561/9682/files/Long_Stem_Branches.jpg?v=1778781548,7,"Elegant vertical branches featuring small, delicate cherry blossom flowers.",,,,,,,,,,,,,,,,,,,,,,,,,https://cdn.shopify.com/s/files/1/0813/8561/9682/files/Long_Stem_Branches.jpg?v=1778781548,kg,,,
premium-artificial-floral-stems-decorative-branches,,,,,,,,,cherry-blossom-clusters,,,,,,,,,0.0,shopify,200,deny,manual,0.00,,true,true,,,,,"",https://cdn.shopify.com/s/files/1/0813/8561/9682/files/Lotus_Stem..jpg?v=1778782101,8,Elegant pink lotus stem featuring two open blooms and one realistic bud.,,,,,,,,,,,,,,,,,,,,,,,,,https://cdn.shopify.com/s/files/1/0813/8561/9682/files/Cherry_Blossom_Clusters.jpg?v=1778782335,kg,,,
premium-artificial-floral-stems-decorative-branches,,,,,,,,,larkspur-delphinium-spikes,,,,,,,,,0.0,shopify,200,deny,manual,0.00,,true,true,,,,,"",https://cdn.shopify.com/s/files/1/0813/8561/9682/files/Cherry_Blossom_Clusters.jpg?v=1778782335,9,"Elegant vertical branches featuring small, delicate cherry blossom flowers",,,,,,,,,,,,,,,,,,,,,,,,,https://cdn.shopify.com/s/files/1/0813/8561/9682/files/Larkspur_Delphinium_Tall_Floral_Spikes.jpg?v=1778782411,kg,,,
premium-artificial-floral-stems-decorative-branches,,,,,,,,,pampas-dried-effect-stems,,,,,,,,,0.0,shopify,0,deny,manual,0.00,,true,true,,,,,"",https://cdn.shopify.com/s/files/1/0813/8561/9682/files/Larkspur_Delphinium_Tall_Floral_Spikes.jpg?v=1778782411,10,Vertical floral spikes with detailed blooms and realistic green foliage at the base.,,,,,,,,,,,,,,,,,,,,,,,,,https://cdn.shopify.com/s/files/1/0813/8561/9682/files/Single_Bud_Stems..jpg?v=1778782681,kg,,,
premium-artificial-floral-stems-decorative-branches,,,,,,,,,,,,,,,,,,,,,,,,,,,,,,,,https://cdn.shopify.com/s/files/1/0813/8561/9682/files/Single_Bud_Stems..jpg?v=1778782681,11,Sleek green stems with protected lotus buds in various stages of bloom.,,,,,,,,,,,,,,,,,,,,,,,,,,,,,
artificial-floral-hanging-catalog,Artificial Floral Hanging,"<ul data-path-to-node=""2"">
<li>
<blockquote data-path-to-node=""2,1,1"">
<p data-path-to-node=""2,1,1,0"">Premium artificial wisteria-style floral hangings designed for high-impact decor. Each unit features 90 high-density flowers and 6 realistic green leaves.</p>
<ul data-path-to-node=""2,1,1,1"">
<li>
<p data-path-to-node=""2,1,1,1,0,0""><b data-path-to-node=""2,1,1,1,0,0"" data-index-in-node=""0"">Series:</b> ZBA 7003</p>
</li>
<li>
<p data-path-to-node=""2,1,1,1,1,0""><b data-path-to-node=""2,1,1,1,1,0"" data-index-in-node=""0"">Length:</b> Extended hanging design suitable for ceilings and backdrops</p>
</li>
<li>
<p data-path-to-node=""2,1,1,1,2,0""><b data-path-to-node=""2,1,1,1,2,0"" data-index-in-node=""0"">Materials:</b> Durable synthetic fabric and flexible stems</p>
</li>
<li>
<p data-path-to-node=""2,1,1,1,3,0""><b data-path-to-node=""2,1,1,1,3,0"" data-index-in-node=""0"">Ideal for:</b> Weddings, events, restaurant interiors, and home balcony decor</p>
</li>
</ul>
</blockquote>
</li>
</ul>Premium artificial wisteria-style floral hangings designed for high-impact decor. Each unit features 90 high-density flowers and 6 realistic green leaves, creating a lush, cascading effect perfect for transforming any space.

Series: ZBA 7003
Length: Extended hanging design suitable for ceilings and backdrops
Materials: Durable synthetic fabric and flexible stems

Ideal for weddings, events, restaurant interiors, and home balcony decor. The lifelike blooms maintain their vibrant appearance year-round without watering or maintenance. Perfect for creating dramatic focal points, enhancing event venues, or adding greenery to indoor and outdoor settings.

Each hanging arrives ready to install with pre-arranged stems and flowers. Mix and match with complementary foliage and potted plants from our catalog to design complete floral installations. Weather-resistant construction ensures longevity in both climate-controlled interiors and covered outdoor spaces.

Transform your venue with premium artificial florals that deliver the elegance of fresh flowers with zero upkeep.",Blossom Art Galleries,Home & Garden > Decor > Artificial Flora > Artificial Flowering Plants,Artificial Flowers,"Floral Decor, Hanging Flowers, Wedding Decor, Wisteria",true,Color,pink,product.metafields.shopify.color-pattern,,,,,,,,0.0,shopify,100,deny,manual,0.00,,true,true,,,,,"",https://cdn.shopify.com/s/files/1/0813/8561/9682/files/Bright_pink_wisteria-style_hanging_petals_with_a_dense_floral_cluster..jpg?v=1778778893,1,Bright pink wisteria-style hanging petals with a dense floral cluster.,false,,,,,other,,pink; purple; red; yellow; green; blue; white; multicolor,fabric,,,,,,other,box,artificial,,,,long,balcony,,,https://cdn.shopify.com/s/files/1/0813/8561/9682/files/Bright_pink_wisteria-style_hanging_petals_with_a_dense_floral_cluster..jpg?v=1778778893,kg,,,active
artificial-floral-hanging-catalog,,,,,,,,,purple,,,,,,,,,0.0,shopify,100,deny,manual,0.00,,true,true,,,,,"",https://cdn.shopify.com/s/files/1/0813/8561/9682/files/Deep_purple_violet_hanging_floral_arrangement..jpg?v=1778778962,2,Deep purple/violet hanging floral arrangement.,,,,,,,,,,,,,,,,,,,,,,,,,https://cdn.shopify.com/s/files/1/0813/8561/9682/files/Deep_purple_violet_hanging_floral_arrangement..jpg?v=1778778962,kg,,,
artificial-floral-hanging-catalog,,,,,,,,,red,,,,,,,,,0.0,shopify,100,deny,manual,0.00,,true,true,,,,,"",https://cdn.shopify.com/s/files/1/0813/8561/9682/files/Rich_crimson_red_floral_hanging..jpg?v=1778779192,3,Rich crimson red floral hanging.,,,,,,,,,,,,,,,,,,,,,,,,,https://cdn.shopify.com/s/files/1/0813/8561/9682/files/Rich_crimson_red_floral_hanging..jpg?v=1778779192,kg,,,
artificial-floral-hanging-catalog,,,,,,,,,yellow,,,,,,,,,0.0,shopify,100,deny,manual,0.00,,true,true,,,,,"",https://cdn.shopify.com/s/files/1/0813/8561/9682/files/sunshine_yellow_hanging_flowers..jpg?v=1778779967,4,sunshine yellow hanging flowers.,,,,,,,,,,,,,,,,,,,,,,,,,https://cdn.shopify.com/s/files/1/0813/8561/9682/files/sunshine_yellow_hanging_flowers..jpg?v=1778779967,kg,,,
artificial-floral-hanging-catalog,,,,,,,,,green,,,,,,,,,0.0,shopify,100,deny,manual,0.00,,true,true,,,,,"",https://cdn.shopify.com/s/files/1/0813/8561/9682/files/Lime_Green_Green.jpg?v=1778779830,5,Lime Green / Green,,,,,,,,,,,,,,,,,,,,,,,,,https://cdn.shopify.com/s/files/1/0813/8561/9682/files/Lime_Green_Green.jpg?v=1778779830,kg,,,
artificial-floral-hanging-catalog,,,,,,,,,blue,,,,,,,,,0.0,shopify,100,deny,manual,0.00,,true,true,,,,,"",https://cdn.shopify.com/s/files/1/0813/8561/9682/files/Sky_blue_or_light_blue_hanging_floral_unit..jpg?v=1778779324,6,Sky blue or light blue hanging floral unit.,,,,,,,,,,,,,,,,,,,,,,,,,https://cdn.shopify.com/s/files/1/0813/8561/9682/files/Sky_blue_or_light_blue_hanging_floral_unit..jpg?v=1778779324,kg,,,
artificial-floral-hanging-catalog,,,,,,,,,white,,,,,,,,,0.0,shopify,100,deny,manual,0.00,,true,true,,,,,"",https://cdn.shopify.com/s/files/1/0813/8561/9682/files/Elegant_pure_white_wisteria-style_hanging_petals..jpg?v=1778779926,7,"Elegant, pure white wisteria-style hanging petals.",,,,,,,,,,,,,,,,,,,,,,,,,https://cdn.shopify.com/s/files/1/0813/8561/9682/files/Elegant_pure_white_wisteria-style_hanging_petals..jpg?v=1778779926,kg,,,
artificial-floral-hanging-catalog,,,,,,,,,multicolor,,,,,,,,,0.0,shopify,100,deny,manual,0.00,,true,true,,,,,"",https://cdn.shopify.com/s/files/1/0813/8561/9682/files/Artificial_Floral_Hanging.jpg?v=1778779255,8,Artificial Floral Hanging,,,,,,,,,,,,,,,,,,,,,,,,,https://cdn.shopify.com/s/files/1/0813/8561/9682/files/Artificial_Floral_Hanging.jpg?v=1778779255,kg,,,
artificial-floral-hanging-catalog,,,,,,,,,,,,,,,,,,,,,,,,,,,,,,,,https://cdn.shopify.com/s/files/1/0813/8561/9682/files/hanging_floral_arrangement..jpg?v=1778779088,9,hanging floral arrangement.,,,,,,,,,,,,,,,,,,,,,,,,,,,,,
artificial-floral-hanging-catalog,,,,,,,,,,,,,,,,,,,,,,,,,,,,,,,,https://cdn.shopify.com/s/files/1/0813/8561/9682/files/Vibrant_sunshine_yellow_hanging_flowers..jpg?v=1778779132,10,Vibrant sunshine yellow hanging flowers.,,,,,,,,,,,,,,,,,,,,,,,,,,,,,
artificial-floral-hanging-catalog,,,,,,,,,,,,,,,,,,,,,,,,,,,,,,,,https://cdn.shopify.com/s/files/1/0813/8561/9682/files/Soft_peach_apricot_colored_hanging_petals.jpg?v=1778779427,11,Soft peach/apricot colored hanging petals,,,,,,,,,,,,,,,,,,,,,,,,,,,,,
artificial-floral-hanging-catalog,,,,,,,,,,,,,,,,,,,,,,,,,,,,,,,,https://cdn.shopify.com/s/files/1/0813/8561/9682/files/Bright_pink_wisteria-style_hanging_petals.jpg?v=1778779494,12,Bright pink wisteria-style hanging petals with a dense floral cluster.,,,,,,,,,,,,,,,,,,,,,,,,,,,,,
artificial-floral-hanging-catalog,,,,,,,,,,,,,,,,,,,,,,,,,,,,,,,,https://cdn.shopify.com/s/files/1/0813/8561/9682/files/Deep_purple_violet_hanging_floral.jpg?v=1778779541,13,Deep purple/violet hanging floral arrangement.,,,,,,,,,,,,,,,,,,,,,,,,,,,,,
artificial-floral-hanging-catalog,,,,,,,,,,,,,,,,,,,,,,,,,,,,,,,,https://cdn.shopify.com/s/files/1/0813/8561/9682/files/Rich_crimson_red_floral_hanging.jpg?v=1778779608,14,Rich crimson red floral hanging.,,,,,,,,,,,,,,,,,,,,,,,,,,,,,
artificial-floral-hanging-catalog,,,,,,,,,,,,,,,,,,,,,,,,,,,,,,,,https://cdn.shopify.com/s/files/1/0813/8561/9682/files/Deep_purple_hanging_floral_arrangement..jpg?v=1778780040,15,Deep purple/violet hanging floral arrangement.,,,,,,,,,,,,,,,,,,,,,,,,,,,,,
